Name,Type,Address,City,Phone,Services,Manager,X,Y,Week days,Friday,Rating
אבו סביח אמין - צמיגי בקעה,מוסך מורשה,דרך בית לחם 11,ירושלים,02-6481555,תיקון והחלפת צמיגים,אבו סביח אמין,221295.0,629988.0,07:00 - 16:30,07:00 - 12:00,3.4
מוסך רמ ר (1987)בע מ,מוסך מורשה,המרכבה 15,אשקלון,08-6759995,מכונאות רכב בנזין,קאבח יאיר,161621.45,619506.02,07:00 - 16:00,07:00 - 12:30,3.8
שרות אוטומובילים - וייס אמנון,מוסך מורשה,אורט 1,אשקלון,08-6734303,תיקון והחלפת צמיגים,וייס אמנון,159122.46,619593.33,07:00 - 16:30,07:00 - 12:00,3.9
א.ארגמן סוכנות דרום בע מ,מוסך מורשה,המלאכה 18,באר שבע,08-6278184,מכונאות רכב בנזין,ארגמני גדעון,180507.25,571784.49,07:00 - 16:30,07:00 - 13:00,3.3
מוסך איציק - זאיבלב ולדיסלב,מוסך מורשה,הנגרים 13,באר שבע,08-6275980,תיקון מרכבי רכב,שלום יצחק,181204.42,572402.29,07:00 - 16:30,סגור,3.2
אגד חברה לתחבורה  בע מ,מוסך מורשה,הברזל 1,באר שבע,03-9143418,מכונאות רכב דיזל,ששי דניאל,181641.71,569232.74,07:00 - 17:00,07:00 - 13:00,4.3
מוסך ביליה פחחות- שרלי,מוסך מורשה,אנילביץ 3,באר שבע,08-6276450,תיקון מרכבי רכב,ביליה שרלי,179943.93,571754.56,07:00 - 17:00,07:00 - 12:30,3.5
מוסך באר-שבע בן דוד,מוסך מורשה,המלאכה 7,באר שבע,08-6232198,תיקון מרכבי רכב,בן דוד יצחק,180703.29,571665.92,07:00 - 16:00,07:00 - 12:30,3.4
צמיגי יוסי זוארץ (1994) בע מ,מוסך מורשה,ראם 11,תל אביב -יפו,03-5616754,תיקון והחלפת צמיגים,גבאי אברהם,180244.5,663974.94,07:00 - 16:30,07:00 - 12:00,4.2
פליקס בע מ,מוסך מורשה,טברסקי 5,תל אביב -יפו,03-6278000,מכונאות רכב בנזין,טורנר עמיר,180204.82,663640.25,07:00 - 17:00,07:00 - 12:00,4.3
מוסך מאירמן יחזקאל,מוסך מורשה,סגולה 2,פתח תקווה,03-9313022,מכונאות רכב בנזין,מאירמן יחזקאל,189700.53,667185.03,07:00 - 16:00,07:00 - 13:00,4.4
כהן חיים מוסך מאיר למכונאות,מוסך מורשה,אילת 56,תל אביב -יפו,03-6825722,מכונאות רכב בנזין,כהן חיים,178151.18,662986.5,07:00 - 16:00,07:00 - 12:30,3.7
שמואלוב אליעזר - מוסך אהרון,מוסך מורשה,העליה 54,תל אביב -יפו,03-6826738,מכונאות אופנועים וקטנועים,שמואלוב אליעזר,178689.6,662666.36,07:00 - 16:00,07:00 - 12:00,4.5
אוטו גלס זגגות רכב בע מ,מוסך מורשה,המסגר 74,תל אביב -יפו,03-5620833,זגגות רכב,זכאי דוד עמרם,180095.87,663983.99,07:00 - 16:00,07:00 - 12:00,4.1
ש. קלעי ובנו בע מ,מוסך מורשה,טברסקי 7,תל אביב -יפו,03-5620345,מכונאות רכב בנזין,רושני דני,180213.61,663681.04,07:00 - 16:00,07:00 - 12:00,3.5
מוסך קרל בע מ,מוסך מורשה,היצירה 23,רמת גן,03-7515451,מכונאות רכב בנזין,ליליאן גיא,181465.61,665974.87,07:00 - 16:30,07:00 - 12:00,4.5
קופמן ישראל מוסך,מוסך מורשה,אברבנאל 7,תל אביב -יפו,03-6839047,מכונאות רכב בנזין,קופמן ישראל,178161.28,662859.84,07:00 - 16:30,07:00 - 12:30,4.8
שואף אריה צמיגים,מוסך מורשה,זבוטינסקי 37,רמת גן,03-7515089,תיקון והחלפת צמיגים,שואף יוסף,181952.58,665707.49,07:00 - 17:00,07:00 - 13:00,4.9
מוסך אקשטייןבע מ,מוסך מורשה,המנוע 10,תל אביב -יפו,03-6822629,תיקון מרכבי רכב,אקשטיין משה,177977.78,661933.47,07:00 - 16:00,סגור,4.3
חי לוי קור בע מ,מוסך מורשה,ישראל בק 22,תל אביב -יפו,03-5614471,שירות תיקון למזגן אויר לרכב,לוי ששון,180357.58,663953.03,07:00 - 16:00,סגור,4.3
חנאניא ויקטור צמיגי אנטון חנניה,מוסך מורשה,יפת 88,תל אביב -יפו,03-6828584,תיקון והחלפת צמיגים,חנאניא ויקטור,176766.08,661487.56,07:00 - 16:30,07:00 - 13:00,4.8
מ.א. ליין )ש.א.( בע מ,מוסך מורשה,וסרמן 7,תל אביב -יפו,03-5376499,תיקון מרכבי רכב,פלאס קוסטה,177747.68,662565.74,07:00 - 17:00,07:00 - 12:30,3.3
מוסך מוטי יעל ליסינג בע מ,מוסך מורשה,אילת 9,תל אביב -יפו,057-7578338,מכונאות רכב בנזין,שלו מרדכי,177598.19,662743.01,07:00 - 17:00,07:00 - 13:00,4.5
בית הצמיג חברת צמיגים בע מ,מוסך מורשה,הרכבת 4,תל אביב -יפו,03-5601189,תיקון והחלפת צמיגים,בן ארי שמואל,178968.74,663375.36,07:00 - 17:00,07:00 - 12:00,3.9
מוסך א. אהרון 2010 בע מ,מוסך מורשה,הרצל 2,ראשון לציון,03-9693020,מכונאות רכב בנזין,בן משה יעקב,181816.54,653322.39,07:00 - 17:00,סגור,4.0
שרף אילן מוסך פנחס,מוסך מורשה,פוריה 27,תל אביב -יפו,03-6826424,תיקון מרכבי רכב,שרף אילן,177838.46,662518.0,07:00 - 17:00,07:00 - 12:00,3.5
חיים ודרור מוסך הדרום 2018,מוסך מורשה,אמוראים 1,רחובות,054-8166622,מכונאות רכב בנזין,חיים מיזרחי,182704.71,643592.42,07:00 - 17:00,07:00 - 13:00,4.6
אוטו אור רמלה 2008 בע מ,מוסך מורשה,הרצל 135,רמלה,08-8228191,חשמלאות רכב,אל חטיב סעיד,188902.56,647777.9,07:00 - 16:30,07:00 - 12:30,3.4
שעיא סמיר,מוסך מורשה,סגולה 4,תל אביב -יפו,03-6821149,תיקון מרכבי רכב,שעיא סמיר,177519.24,662652.96,07:00 - 17:00,07:00 - 12:00,3.1
משאלוב צפריר אופנועי הקריה,מוסך מורשה,יצחק שדה 40,תל אביב -יפו,03-5621578,מכונאות אופנועים וקטנועים,משאלוב צפריר,180155.82,663585.62,07:00 - 16:30,סגור,4.4
מישאלוב אילן מוסך המהיר,מוסך מורשה,דרך פת 110,תל אביב -יפו,03-5626641,מכונאות אופנועים וקטנועים,משאלוב אילן,180248.42,664216.65,07:00 - 16:00,07:00 - 13:00,3.6
מוסך פריצל דוד,מוסך מורשה,הרצל 138,רחובות,08-9452074,מכונאות אופנועים וקטנועים,פריצל דוד,182387.3,644390.62,07:00 - 16:00,07:00 - 12:00,3.9
פרנסיס אריה מוסך חיים,מוסך מורשה,יצחק שדה 33,תל אביב -יפו,03-5622165,תיקון מרכבי רכב,פרנסיס אריה,180164.53,663618.18,07:00 - 17:00,07:00 - 12:00,4.0
חן שמעון מוסך אלי אשכנזי,מוסך מורשה,וסרמן 4,תל אביב -יפו,03-6825316,מכונאות רכב בנזין,חן שמעון,177755.49,662504.28,07:00 - 17:00,07:00 - 12:00,3.5
משאלוב אלי אבי גל אופנועים,מוסך מורשה,דרך פת 25,תל אביב -יפו,03-5602755,מכונאות אופנועים וקטנועים,מישאלוף רמי רן,179409.14,663485.89,07:00 - 16:00,07:00 - 12:30,4.8
סקסיק הני מוסך יפו למכונאות,מוסך מורשה,שלמה 12,תל אביב -יפו,03-6819364,מכונאות רכב בנזין,סקסיק האני,181458.35,663103.57,07:00 - 16:30,סגור,4.2
מוסך הידרוסטופ נפתלי בע מ,מוסך מורשה,הבנאי 26,חולון,03-5506814,מסגרות רכב )תיקון ארגזים),רובל זאב,181549.08,657934.38,07:00 - 16:30,07:00 - 12:00,3.2
חיימוב אדוארד מוסך הצפירה,מוסך מורשה,הצפירה 15,תל אביב -יפו,03-6876331,מכונאות רכב בנזין,חיימוב אדוארד,179550.24,663218.01,07:00 - 16:00,סגור,4.6
שרותי כיוון פרונט התחייה בע מ,מוסך מורשה,התחיה 22,תל אביב -יפו,03-6826858,תיקון וכוון מתלים ברכב,כהן אורי,177916.43,661893.76,07:00 - 17:00,07:00 - 12:00,4.5
קבוצת שגריר שירותי רכב בע מ,מוסך מורשה,המקצוע 3,תל אביב -יפו,03-6872908,תיקון מרכבי רכב,כחלון דוד,179843.92,663137.31,07:00 - 16:30,07:00 - 12:00,3.2
קרן משאבות בע מ,מוסך מורשה,הבנאי 4,חולון,03-5588070,מכונאות רכב בנזין,מזוז כליפה,181746.22,658222.44,07:00 - 17:00,07:00 - 12:30,3.0
קרסו מוטורס (2007) בע מ,מוסך מורשה,ריבל 24,תל אביב -יפו,03-6381100,מכונאות רכב בנזין,יונתנוב רפאל,179743.28,663316.92,07:00 - 16:00,סגור,4.6
בצלאל גיא-אלגק גיאגלס,מוסך מורשה,טברסקי 8,תל אביב -יפו,054-2270126,זגגות רכב,בצלאל גיא,180243.34,663699.24,07:00 - 16:30,07:00 - 12:00,3.1
אדמון יעקב המהיר,מוסך מורשה,הרצל 119,לוד,08-9222868,תיקון והחלפת צמיגים,אדמון יעקב,190488.09,651715.88,07:00 - 16:30,07:00 - 12:00,4.7
אסקרוב חיים מוסך אמיר,מוסך מורשה,גולומב 46,תל אביב -יפו,03-6912662,אוטוטק רכב קל,בן בסט יניב,179638.5,662248.29,07:00 - 16:00,סגור,3.6
סרנגה ישראל מוסך מעוז,מוסך מורשה,הנציב 4,תל אביב -יפו,03-5616657,תיקון מרכבי רכב,סרנגה ישראל,180305.25,663890.03,07:00 - 16:00,07:00 - 12:30,4.0
וייס עירן ספידומטר,מוסך מורשה,הנציב 19,תל אביב -יפו,03-5618372,תיקון מחוונים,וייס עירן,180318.48,664083.18,07:00 - 17:00,סגור,4.1
סלמון יצחק מוסך סלמון,מוסך מורשה,יצחק שדה 27,תל אביב -יפו,03-5622407,מכונאות אופנועים וקטנועים,סלומון יצחק,180112.11,663626.77,07:00 - 16:00,07:00 - 13:00,4.8
משולם עוזיאל מוסך עוזי בייק,מוסך מורשה,ההגנה 27,תל אביב -יפו,03-5372747,מכונאות אופנועים וקטנועים,סימן טוב יוסף,179945.42,662426.88,07:00 - 16:00,סגור,3.8
עזריה אריה מוסך טיל,מוסך מורשה,שונצינו 21,תל אביב -יפו,03-5621388,תיקון אחזקת רכב חשמלי/היברידי,גומעה מוחמד,180121.37,663905.91,07:00 - 17:00,07:00 - 13:00,3.7
המדביק בע מ,מוסך מורשה,בית אלפא 16,תל אביב -יפו,03-5617744,שיפוץ מכללי בלמים,עמרה רפאל,180264.24,663634.71,07:00 - 16:30,07:00 - 12:30,3.2
ניסים את שלמה בע מ,מוסך מורשה,אמץ 1,תל אביב -יפו,050-5204452,תיקון מרכבי רכב,סלמאן דוד,177766.57,662376.61,07:00 - 17:00,07:00 - 12:00,3.2
צפאני יחזקאל שרות יחזקאל,מוסך מורשה,הקישון 64,תל אביב -יפו,03-6826260,מכונאות אופנועים וקטנועים,צאפני יחזקאל,178434.65,662600.18,07:00 - 16:30,07:00 - 13:00,4.0
קפיצים לרכב חמילבסקי בע מ,מוסך מורשה,תמנע 17,חולון,03-5500731,תיקון קפיצים ברכב מנועי,מסארוה ראיד,181187.02,659087.83,07:00 - 16:30,07:00 - 13:00,3.2
מוסך האח הגדול - תומר לוי,מוסך מורשה,גרשון 42,תל אביב -יפו,03-5620333,מכונאות רכב בנזין,תומר לוי,180450.31,664001.91,07:00 - 16:30,07:00 - 12:00,4.5
סורני צדוק מוטו טי אל וי בעמ,מוסך מורשה,לבנדה 36,תל אביב -יפו,03-5377626,מכונאות אופנועים וקטנועים,סורני אלי,179675.08,662726.62,07:00 - 16:00,סגור,5.0
מזרחי משה,מוסך מורשה,פוריה 4,תל אביב -יפו,03-6831460,תיקון מרכבי רכב,מזרחי משה,177538.57,662533.47,07:00 - 16:30,07:00 - 13:00,3.9
רובין כדורי מוסך כדורי,מוסך מורשה,שניצלר 4,תל אביב -יפו,03-6823732,מכונאות רכב בנזין,רובין כדורי,177849.45,662550.67,07:00 - 16:30,סגור,3.5
דרכים מרכזי שירות לרכב בע מ,מוסך מורשה,מיטב 4,תל אביב -יפו,077-3019400,תיקון מרכבי רכב,כהן משה,180801.3,663624.77,07:00 - 16:30,סגור,3.0
נח פיזק - מוסך תיבת נח,מוסך מורשה,יקנעם 13,תל אביב -יפו,03-6817475,מכונאות רכב בנזין,פיזק נח,180864.8,664877.58,07:00 - 16:30,07:00 - 12:30,4.7
מוסך ונטורה בע מ,מוסך מורשה,טברסקי 16,תל אביב -יפו,03-5614863,מכונאות רכב בנזין,בנאי יורם,180253.61,663755.74,07:00 - 17:00,סגור,3.3
שמעון זנקו מוסך צוות לעניין,מוסך מורשה,הבנאי 10,חולון,03-5502242,תיקון מרכבי רכב,שמעון זנקו,181694.44,658143.71,07:00 - 16:00,סגור,3.5
מוסך אלי כהן בע מ,מוסך מורשה,פוריה 25,תל אביב -יפו,03-6828298,תיקון מרכבי רכב,כהן אליהו,177824.84,662527.07,07:00 - 17:00,סגור,3.4
מוסך ז'בנר מאיר בע מ,מוסך מורשה,לבנדה 51,תל אביב -יפו,03-6872813,תיקון מרכבי רכב,צורי דוד,179688.84,662878.97,07:00 - 17:00,07:00 - 13:00,3.7
כהן סמי שרותי חשמל,מוסך מורשה,בר כוכבא 14,חולון,03-5500938,חשמלאות רכב,כהן סמי,180376.64,658035.98,07:00 - 17:00,07:00 - 12:00,4.4
כהן את קונצק מוסך מגן,מוסך מורשה,תושיה 20,תל אביב -יפו,03-5618079,מכונאות רכב בנזין,קונצ'ק יעקב,180326.98,663750.93,07:00 - 16:30,07:00 - 12:00,3.8
בדש ציון מוסך הדלק,מוסך מורשה,האורגים 15,בת ים,03-5520742,חשמלאות רכב,בדש ציון,176110.54,657490.38,07:00 - 17:00,07:00 - 13:00,3.1
אלכס חשמל רכב - דורון ויאיר,מוסך מורשה,משכית 15,הרצלייה,052-4849080,מכונאות רכב בנזין,לוזון רחמים,182387.07,674636.89,07:00 - 16:30,סגור,3.4
שלמה לוי מוסך המלאכה,מוסך מורשה,המלאכה 17,חולון,03-5595004,מכונאות רכב בנזין,לוי שלמה,181479.68,658383.91,07:00 - 16:30,07:00 - 12:30,3.9
אילן קארגלס בע מ,מוסך מורשה,ישראל בק 5,תל אביב -יפו,03-5617076,זגגות רכב,בחמן נוריאל,180155.58,664017.68,07:00 - 17:00,07:00 - 12:30,5.0
טואיטו אלי המרכז,מוסך מורשה,גלגל 12,רחובות,08-9464115,מכונאות רכב בנזין,טויטו אלי,179544.06,643964.43,07:00 - 16:00,07:00 - 13:00,4.1
ב.ג מוסכים 2000 בע מ,מוסך מורשה,בית אלפא 6,תל אביב -יפו,03-5374011,מכונאות רכב בנזין,שוורץ אבי,180139.43,663659.08,07:00 - 17:00,07:00 - 13:00,4.6
אלוס צבי תיקון צמיגים,מוסך מורשה,דובנוב 7,תל אביב -יפו,03-6959976,תיקון והחלפת צמיגים,אלוס צבי,179696.26,664716.1,07:00 - 16:00,סגור,4.6
מוסך בראשית בע מ,מוסך מורשה,שמוטקין 21,ראשון לציון,03-9333990,מכונאות רכב בנזין,חסון גבריאל,182318.2,653862.35,07:00 - 16:00,סגור,3.4
מובילים וייט קומינס בערבון מוגבל,מוסך מורשה,החופר 28,חולון,073-2286104,מכונאות רכב בנזין,גולדנשטין איליה,181763.71,657643.14,07:00 - 17:00,07:00 - 13:00,4.9
יוסף אלעוברה מוסך לב העיר,מוסך מורשה,אצל 17,רמלה,054-9750115,תיקון מרכבי רכב,אל עוקבי סמיח,188381.23,648396.33,07:00 - 17:00,07:00 - 12:30,4.5
מויס נאדר את פדלון מוסך האחים,מוסך מורשה,אצל 1,רמלה,08-9220510,מכונאות רכב בנזין,מויס נאדר,188116.65,648471.73,07:00 - 16:00,07:00 - 12:00,4.5
כהנא אברהם מוסך מרום חן,מוסך מורשה,המסגר 15,תל אביב -יפו,03-6871021,מכונאות רכב בנזין,כהנא אבי,179847.38,663361.97,07:00 - 16:30,סגור,4.8
אסרף ליאור מוסך הסלע,מוסך מורשה,אהוד קינמון 6,בת ים,03-5511904,מכונאות רכב בנזין,איזמירלי שמואל,176624.76,657890.58,07:00 - 16:00,סגור,3.4
מעוז שרותי רכב ת א בע מ,מוסך מורשה,טברסקי 13,תל אביב -יפו,03-5617663,מכונאות רכב בנזין,עמית צדוק,180226.77,663740.05,07:00 - 16:30,07:00 - 12:30,4.9
מוסך סבנה בע מ,מוסך מורשה,התחיה 14,תל אביב -יפו,03-6829252,מכונאות רכב בנזין,חן דוד,177701.31,661988.5,07:00 - 16:00,07:00 - 13:00,4.2
שלומי איסקוב פחחות וצבע בע מ,מוסך מורשה,תושיה 7,תל אביב -יפו,052-5513537,תיקון מרכבי רכב,שלומי איסקוב,180201.13,663799.23,07:00 - 16:30,07:00 - 13:00,3.7
קשר רנט א-קאר בע מ,מוסך מורשה,מגשימים 10,פתח תקווה,03-9182111,תיקון מרכבי רכב,אלג'ם מאיר,186343.3,666331.27,07:00 - 16:30,07:00 - 12:00,3.4
חמני ברוך חשמל רכב,מוסך מורשה,הס 29,הרצלייה,03-9584808,מכונאות רכב בנזין,חמני ברוך,185259.68,674481.47,07:00 - 17:00,07:00 - 12:00,3.3
מ.ב. גבע שרותי רכב בע מ,מוסך מורשה,תושיה 24,תל אביב -יפו,03-5621883,מכונאות רכב בנזין,ברון יוסף,180361.77,663745.82,07:00 - 16:00,07:00 - 12:00,3.8
מוסך דוד מלכי,מוסך מורשה,שניצלר 23,תל אביב -יפו,03-6837398,מכונאות רכב בנזין,מלכי דוד,177808.53,662302.51,07:00 - 16:30,07:00 - 12:00,3.5
פרמון דני מוסך מרקו,מוסך מורשה,יפתח 5,לוד,08-9247961,מכונאות רכב בנזין,פרמון דני,189037.83,650688.17,07:00 - 16:30,07:00 - 13:00,3.8
יהודה אלול - מוסך האומנים י.א,מוסך מורשה,שניצלר 3,תל אביב -יפו,03-5504966,תיקון מרכבי רכב,לוי אהרון,177877.6,662554.88,07:00 - 16:30,סגור,4.3
חדד צביקה מכונאות רכב,מוסך מורשה,רמבם 11,נתניה,052-3582902,מכונאות רכב בנזין,חדד הרצל,186985.85,691352.89,07:00 - 17:00,סגור,4.2
אמסלם שלמה חשמל הגינגי',מוסך מורשה,העבודה 30,בת ים,03-5514147,חשמלאות רכב,אמסלם שלמה,176353.78,657259.76,07:00 - 17:00,סגור,3.4
א.ע.מ שרותי רכב  איימן אבו צעלוק,מוסך מורשה,שלמה 15,תל אביב -יפו,03-6814128,תיקון מרכבי רכב,מלכי יעקב,181428.21,663150.08,07:00 - 16:00,סגור,4.6
בני רומי צמיגים,מוסך מורשה,האורגים 6,חולון,052-6734437,תיקון והחלפת צמיגים,דיבירוב אלכס,181139.59,657587.52,07:00 - 16:00,סגור,4.6
מוסך טופז בע מ,מוסך מורשה,שלמה בן דוד 12,ראשון לציון,03-9698095,מכונאות רכב בנזין,עקרבי אבנר,182421.49,654115.94,07:00 - 16:30,סגור,4.7
מוטורוני  לפיד בע ם,מוסך מורשה,ראם 6,תל אביב -יפו,03-5621104,מכונאות רכב בנזין,סמן טוב יהודה,180256.72,663926.66,07:00 - 17:00,07:00 - 12:00,4.1
אופיר המכונאי האקדמאי בע מ,מוסך מורשה,הרכב 12,תל אביב -יפו,050-8345200,מכונאות רכב בנזין,רודניצקי אופיר,180019.92,663343.25,07:00 - 16:00,07:00 - 12:00,4.9
מרכז שרות אוטו שי בע מ,מוסך מורשה,האצל 21,ראשון לציון,03-6335193,מכונאות רכב בנזין,לוי יעקב,177876.7,655207.26,07:00 - 17:00,07:00 - 12:00,3.9
מוסך אחים קצב בע מ,מוסך מורשה,הבנאי 24,חולון,03-5508621,מכונאות רכב בנזין,הזז ליאופולד,181574.53,657941.66,07:00 - 16:00,07:00 - 12:30,4.8
מוסך רון אוחנה בע מ,מוסך מורשה,ישראל בק 18,תל אביב -יפו,03-5373204,מכונאות רכב בנזין,אוחנה רון,180294.07,663957.24,07:00 - 17:00,07:00 - 13:00,3.4
מוסך החולץ,מוסך מורשה,דרך לוד 98,תל אביב -יפו,03-6870263,מכונאות רכב בנזין,אביבי אבנר,181177.18,661573.61,07:00 - 16:00,סגור,4.4
ברכיל סאני חשמל רם,מוסך מורשה,משה שרת 14,ראשון לציון,03-9614157,חשמלאות רכב,ברכיל סאני,176765.4,655762.85,07:00 - 17:00,סגור,3.8
עמר שלמה,מוסך מורשה,תל חי 8,רמלה,08-9228151,תיקון אחזקת רכב חשמלי/היברידי,עמר אייל,188565.12,648161.15,07:00 - 16:30,סגור,3.1
מרי יוסף מוסך רם,מוסך מורשה,שונצינו 25,תל אביב -יפו,03-5620101,מכונאות רכב בנזין,שער אהרון,180140.64,663958.79,07:00 - 17:00,07:00 - 12:30,3.8
עמירם רייזברג מוסך סער,מוסך מורשה,שוקן 17,תל אביב -יפו,03-6822916,מכונאות רכב בנזין,כץ אילן,178657.65,662256.19,07:00 - 16:30,סגור,3.1
מוסך דיזל ראשלצ בעמ,מוסך מורשה,משה שרת 8,ראשון לציון,03-9527277,מכונאות רכב בנזין,סגמן רוני,176632.66,655844.99,07:00 - 16:30,07:00 - 13:00,4.8
עידן - י.ל.מ. מרכז הרכב בע מ,מוסך מורשה,שניצלר 14,תל אביב -יפו,03-5095702,תיקון מרכבי רכב,פבלוב ולדימיר,177832.15,662422.28,07:00 - 16:00,07:00 - 12:30,4.1
לוי חיים מוסך ראלינג,מוסך מורשה,שניצלר 21,תל אביב -יפו,03-6833184,מכונאות רכב בנזין,לוי חיים,177812.3,662315.12,07:00 - 16:00,07:00 - 12:30,4.4
אוטו בנץ בע מ,מוסך מורשה,הסוללים 6,תל אביב -יפו,03-5617044,מכונאות רכב בנזין,דיין יעקב,180849.1,664232.33,07:00 - 16:30,07:00 - 13:00,3.1
פנחס שי מוסך מירז,מוסך מורשה,אחד העם 7,נתניה,09-8612236,מכונאות אופנועים וקטנועים,פנחס שי,186989.96,692628.36,07:00 - 16:00,07:00 - 13:00,4.6
נמרודי משה דודג רובר מכונאות,מוסך מורשה,אילת 45,תל אביב -יפו,03-5174214,מכונאות רכב בנזין,נמרודי משה,177983.8,662905.07,07:00 - 16:30,סגור,4.5
מוסך ישראל טורס בעמ,מוסך מורשה,היצירה 37,רחובות,08-9461886,מכונאות רכב בנזין,טורס ישראל,179605.08,644142.54,07:00 - 17:00,07:00 - 13:00,3.1
אמנון ינאי רדייטורים ואגזוזים,מוסך מורשה,הסדנא 2,פתח תקווה,03-9248978,תיקון רדיאטורים )מצננים),אמנון ינאי,186912.37,666967.81,07:00 - 16:00,07:00 - 13:00,4.8
מוסך שחם ובניו בעמ,מוסך מורשה,היוזמים 3,אור יהודה,04-5330193,תיקון מרכבי רכב,שמוחה שלמה,187291.05,658793.86,07:00 - 16:30,07:00 - 12:30,3.7
מוסך גלי בע מ,מוסך מורשה,האצל 7,ראשון לציון,03-9619348,מכונאות רכב בנזין,כהן יעקב,178130.94,655072.05,07:00 - 17:00,07:00 - 12:30,3.2
זאדה מוסך,מוסך מורשה,אצל 62,תל אביב -יפו,03-6875164,מכונאות אופנועים וקטנועים,זדה משה,180551.05,661841.91,07:00 - 16:00,07:00 - 12:00,3.2
ב.ע.ל צמיגי אקסטרא (2008) בע מ,מוסך מורשה,אורט 12,נתניה,09-8945024,תיקון והחלפת צמיגים,שרעבי יהודה,188489.15,691485.55,07:00 - 17:00,סגור,3.7
אם.וי אס מוטור בע מ,מוסך מורשה,תמנע 21,חולון,052-2957692,מכונאות רכב בנזין,אלון אלי,181254.5,659033.01,07:00 - 16:00,07:00 - 12:00,3.3
לוי חנן מוסך חנן,מוסך מורשה,הרכב 14,נתניה,09-8619146,מכונאות רכב בנזין,לוי חנן,188502.9,691286.08,07:00 - 16:00,07:00 - 13:00,4.4
קומפיוטסט הנדסת ציוד לרכב בע מ,מוסך מורשה,החרוץ 3,תל אביב -יפו,03-5376418,בדיקות-רכב )קניה ומכירה),טפירו אלי,180264.61,663310.1,07:00 - 16:00,סגור,3.7
מוסך יהודה ויאיר בע מ,מוסך מורשה,שטיבל 5,תל אביב -יפו,03-5621778,תיקון מרכבי רכב,רביע סבח יאיר,180149.51,663741.37,07:00 - 16:00,07:00 - 12:00,3.4
מוסכי אביק שרותי רכב בעמ,מוסך מורשה,המנוע 3,תל אביב -יפו,03-6831216,תיקון מרכבי רכב,פלומר חיים,177964.05,661984.53,07:00 - 16:00,07:00 - 12:30,3.1
מסה ניסים,מוסך מורשה,סלמה 12,תל אביב -יפו,03-6829112,רפידות ותופי בלם,מסה ניסים,179067.4,664981.81,07:00 - 16:30,סגור,3.6
דור ניסים מוסך דור מוטורס,מוסך מורשה,היוגב 18,חולון,03-5560631,מכונאות רכב בנזין,דור ניסים,181759.03,657873.68,07:00 - 17:00,07:00 - 12:30,3.6
ג.מ פורטל בע מ,מוסך מורשה,ריבל 27,תל אביב -יפו,03-6875858,תיקון והחלפת צמיגים,ברקוביץ יועד,179721.82,663342.27,07:00 - 16:30,07:00 - 12:30,3.3
ר. נאם שרות וחלפים בע מ,מוסך מורשה,תמנע 1,חולון,03-6030819,מכונאות רכב בנזין,אורלביץ רן,180913.23,659342.99,07:00 - 16:30,07:00 - 12:30,4.0
מוסך מילניום ח.ר.בעמ,מוסך מורשה,משה שרת 2,ראשון לציון,03-9614393,מכונאות רכב בנזין,שבתאי בנימין,176505.77,655918.64,07:00 - 17:00,07:00 - 13:00,4.6
אבניר חב' לרכב בע מ,מוסך מורשה,המנור 5,תל אביב -יפו,03-6815511,תיקון אחזקת רכב חשמלי/היברידי,כהן בועז,178564.03,662164.63,07:00 - 16:00,07:00 - 12:00,4.8
אריה כהן שרותי חשמל ומיזוג לרכב,מוסך מורשה,בצלאל 4,חולון,03-5594688,חשמלאות רכב,כהן אריה,180401.53,657913.66,07:00 - 16:00,07:00 - 13:00,3.0
יעקב את אבי שרות חשמל המצבר,מוסך מורשה,שלם 2,רמת גן,03-6312998,חשמלאות רכב,טיפצק אברהם,182498.33,662306.64,07:00 - 17:00,07:00 - 13:00,4.1
אמרד רדיאטורים בע מ,מוסך מורשה,השלושה 1,תל אביב -יפו,03-5371656,תיקון רדיאטורים )מצננים),רשקוב אורן,180177.93,663288.25,07:00 - 16:00,סגור,4.6
אלעיסאוי עומר צמיגי טופ טיפ,מוסך מורשה,התחייה 22,תל אביב -יפו,03-6819399,תיקון והחלפת צמיגים,אלעיסאוי עומר,177915.74,661893.89,07:00 - 17:00,סגור,3.7
צמיגי השדרה כריסטו,מוסך מורשה,שד ירושלים 127,תל אביב -יפו,03-6838895,תיקון והחלפת צמיגים,גנדור קריסטו,177276.77,661262.86,07:00 - 16:00,07:00 - 12:00,3.2
מדיאל רונן מוסך בן יהודה,מוסך מורשה,אנילביץ 38,תל אביב -יפו,03-6886293,מכונאות רכב בנזין,מדיאל רונן,180173.81,663334.3,07:00 - 17:00,07:00 - 12:30,3.6
ד ר פח וצבע מרכז בע מ,מוסך מורשה,האופן 6,חולון,03-5501250,מכונאות רכב בנזין,יאיר נאור,181234.65,658871.6,07:00 - 16:00,07:00 - 12:30,4.4
מוסך הוכמן בע מ,מוסך מורשה,שניצלר 9,תל אביב -יפו,03-6829283,מכונאות רכב בנזין,אזברגה עטאללה,177868.51,662491.35,07:00 - 17:00,סגור,3.3
משומר מוסך,מוסך מורשה,סלמה 42,תל אביב -יפו,03-6812717,תיקון מרכבי רכב,משומר ראובן,179129.45,665267.82,07:00 - 16:30,07:00 - 12:30,3.0
אשר חן מוסך הנסיכה,מוסך מורשה,היצירה 8,רחובות,08-9469113,תיקון מרכבי רכב,בן חמו דוד,179393.73,643972.51,07:00 - 17:00,07:00 - 12:30,3.3
מוסך א.ד.מ. אבו קעיד אחמד,מוסך מורשה,המנוע 1,תל אביב -יפו,03-5182243,תיקון מרכבי רכב,סייג יוסף,177936.32,661977.88,07:00 - 16:30,07:00 - 12:00,3.6
רכב המאה ניב פורמן בע מ,מוסך מורשה,ברקת 10,נתניה,09-8627693,מכונאות רכב בנזין,פורמן ניב,187138.49,692775.97,07:00 - 17:00,07:00 - 12:30,4.1
רועי את מנצור דוקטורי 2000,מוסך מורשה,יצירה 5,אור יהודה,03-5336488,חשמלאות רכב,אלגברין מנסור,187180.93,658799.49,07:00 - 16:00,07:00 - 13:00,4.3
עויס האני מוסך אור לוד,מוסך מורשה,יעקב פלומניק 2,לוד,08-9224290,חשמלאות רכב,ברגר ישראל,189911.93,651263.36,07:00 - 17:00,07:00 - 13:00,3.7
נתנאל גזי בע מ,מוסך מורשה,יעקב פרימן 8,ראשון לציון,03-9640559,תיקון מרכבי רכב,גזי נתניאל,182326.26,653705.28,07:00 - 17:00,07:00 - 12:00,4.3
המוסך המרכזי לאופנועים אמיגה,מוסך מורשה,שוקן 30,תל אביב -יפו,03-6823240,מכונאות אופנועים וקטנועים,אמיגה אברהם,178618.24,662127.24,07:00 - 17:00,07:00 - 12:00,4.9
אוטו גיר בע מ,מוסך מורשה,הסתת 22,חולון,03-5509577,תיקון תיבות הילוכים אוטומטיות,שרידי משה,181193.33,657729.13,07:00 - 17:00,07:00 - 12:30,4.2
אלקס מאיר _ אגזוז,מוסך מורשה,ספיר 8,נתניה,09-8342767,תיקון צנורות פליטה ודודי עמם,אלקס מאיר,187027.6,692742.36,07:00 - 16:00,07:00 - 12:00,3.6
חן יוסף קטנועי חן,מוסך מורשה,אילת 38,תל אביב -יפו,03-6827442,מכונאות אופנועים וקטנועים,חן יוסף,177994.49,662887.5,07:00 - 16:30,סגור,4.8
גרוסמן אריה מכונאות רכב,מוסך מורשה,לבנדה 47,תל אביב -יפו,054-6683566,מכונאות רכב בנזין,גרוסמן אריה,179681.22,662847.81,07:00 - 16:00,סגור,4.0
מוסך ריזק,מוסך מורשה,פוריה 6,תל אביב -יפו,03-6813694,מכונאות רכב בנזין,דלק ריזק,177559.25,662531.64,07:00 - 16:00,סגור,4.9
מוטו מד קסם תומר וגיל אביעד,מוסך מורשה,מוזס 24,תל אביב -יפו,03-6952591,מכונאות אופנועים וקטנועים,צרפתח נסים,180799.84,664758.13,07:00 - 16:30,07:00 - 12:00,4.6
עמיאל ג'רבי - פחחות עמיאל יוסף,מוסך מורשה,הפלדה 8,נתניה,052-6888337,תיקון מרכבי רכב,גרבי עמיאל קל,188728.83,691989.27,07:00 - 16:30,סגור,4.4
שרותי רכב ישראל ואבי בע מ,מוסך מורשה,יקואל 13,בת ים,03-5525841,מכונאות רכב בנזין,בר יוסף אברהם,176383.37,657425.62,07:00 - 17:00,07:00 - 13:00,4.3
מוסך שי געש,מוסך מורשה,היוצר 22,חולון,03-5568935,מכונאות רכב בנזין,ארליך שלמה,181645.46,657903.95,07:00 - 17:00,07:00 - 12:30,3.1
עזריאל רונן מוסך אור קור,מוסך מורשה,הבנאי 19,חולון,03-5567733,חשמלאות רכב,עזריאל רונן,181550.21,657831.19,07:00 - 16:30,07:00 - 12:30,4.8
מכאל את רפאל את דורון מוסך הצוות,מוסך מורשה,המלאכה 25,חולון,03-5581244,חשמלאות רכב,שלומיוב מיכאל,181428.5,658246.58,07:00 - 16:00,סגור,4.7
גוטפריד אלכסנדר מוסך א.א.,מוסך מורשה,הפלדה 4,בת ים,03-5518504,מכונאות רכב בנזין,גוטפריד אלכסנדר,175849.73,657119.79,07:00 - 16:00,07:00 - 12:30,4.9
מוסך אדמונד עשה לי טוב בעמ,מוסך מורשה,הסתת 10,חולון,03-6500613,מכונאות רכב בנזין,לוי רפאל,181296.57,657869.86,07:00 - 16:00,סגור,4.8
מוסך זני רחובות בע מ,מוסך מורשה,קלמן גבריאלוב 38,רחובות,08-9462642,מכונאות רכב בנזין,חן זני,179676.39,644149.59,07:00 - 16:00,07:00 - 12:00,4.0
פרג' רחמים שרותי רכב,מוסך מורשה,תושיה 4,תל אביב -יפו,03-5614645,מכונאות רכב בנזין,פרג' רחמים,180133.91,663787.99,07:00 - 17:00,07:00 - 12:00,3.8
מוסך אשכנזי אליהו,מוסך מורשה,הלוחמים 47,חולון,03-5033491,מכונאות רכב בנזין,אשכנזי אליהו,178395.8,660155.39,07:00 - 16:00,07:00 - 12:00,3.8
ניסים תמם מוסך א-א,מוסך מורשה,החרוץ 11,תל אביב -יפו,03-5373091,חשמלאות רכב,ניסים תמם,180226.65,663384.4,07:00 - 16:30,סגור,3.4
צמיגי זיתוני,מוסך מורשה,בצלאל 6,חולון,03-5500840,תיקון והחלפת צמיגים,זיתוני יצחק,180420.83,657945.33,07:00 - 17:00,07:00 - 13:00,4.1
מגרש י.ש.אוחנה בע מ,מוסך מורשה,שד ההסתדרות 141,חיפה,04-8412800,מכונאות אופנועים וקטנועים,אוחנה יצחק,205113.42,745178.31,07:00 - 16:30,07:00 - 12:30,3.2
דרויש גורג חשמל רכב צפון,מוסך מורשה,עין דור 12,חיפה,04-8524160,מכונאות רכב בנזין,עג'ינה מארון,199879.67,747362.59,07:00 - 16:30,07:00 - 13:00,3.1
ג יי גז בע מ מכונאות גפמ' לרכב,מוסך מורשה,שד ההסתדרות 182,חיפה,04-8401174,מכונאות רכב בנזין,אוברלנדר יוסף,206116.92,745813.62,07:00 - 17:00,07:00 - 13:00,3.9
מסעוד שיתי מוסך,מוסך מורשה,שד ההסתדרות 176,חיפה,04-8727700,תיקון מרכבי רכב,מסעוד שיתי,206056.06,745807.01,07:00 - 16:00,סגור,4.9
בדר סראחנה - מוסך ויינר 2018,מוסך מורשה,האיטלקים 5,חיפה,052-6352192,תיקון מרכבי רכב,סראחנה בדר,199674.66,747227.07,07:00 - 16:30,סגור,3.4
מוסך מילאד בדיע יוסף בע מ,מוסך מורשה,תל אביב 18,חיפה,04-8525656,מכונאות רכב בנזין,בשיר סאמי,199101.83,747899.11,07:00 - 17:00,07:00 - 12:30,4.7
אלקובי משה - אלקובי אלברט ובנו,מוסך מורשה,ביאליק 6,חיפה,04-8623981,מכונאות אופנועים וקטנועים,אלקובי משה,200209.12,746388.33,07:00 - 16:30,07:00 - 12:00,4.1
מנו שמואל - מוסך מנו,מוסך מורשה,חטיבת גולני 48,חיפה,04-8667311,מכונאות רכב בנזין,מרום משה,201067.69,745855.2,07:00 - 16:30,07:00 - 12:30,3.4
אליצור אמנון ויוסי שמש מוסך צפון,מוסך מורשה,אלנבי 48,חיפה,04-8523995,מכונאות רכב בנזין,אליצור אמנון,199425.95,747158.27,07:00 - 16:00,סגור,3.4
זוננברג דב מוסך יאב חיפה,מוסך מורשה,אלנבי 44,חיפה,04-8521813,מכונאות אופנועים וקטנועים,זוננברג דב,199494.74,747149.01,07:00 - 16:30,סגור,4.8
חולי משה - מוסך חולי לפחחות וצבע,מוסך מורשה,תל אביב 7,חיפה,04-8522686,תיקון מרכבי רכב,חולי משה,180569.13,665119.51,07:00 - 17:00,07:00 - 12:30,3.9
גאנית עזאם מוסך פיליפ,מוסך מורשה,שד ההסתדרות 164,חיפה,04-8723485,מכונאות רכב בנזין,עזאם זאהר,205899.98,745718.88,07:00 - 16:00,סגור,4.1
קשר רנט - א- קאר בע מ,מוסך מורשה,שד ההסתדרות 150,חיפה,04-8402121,מכונאות רכב בנזין,עוסמאן עוסמאן,205763.72,745717.56,07:00 - 16:00,07:00 - 12:00,4.4
האחים נאג'ר בע מ,מוסך מורשה,שד ההסתדרות 31,חיפה,04-8415636,מכונאות רכב בנזין,נגאר סימון,203435.38,744038.78,07:00 - 16:00,07:00 - 12:00,3.2
מוסך וינה,מוסך מורשה,שד ההסתדרות 154,חיפה,04-8721540,תיקון מרכבי רכב,עודיה סמיר,205800.76,745732.11,07:00 - 17:00,סגור,3.6
מרכז שרות הבונים בע מ.,מוסך מורשה,תל אביב 20,חיפה,04-8414133,מכונאות רכב בנזין,נגאר גורג,199089.72,747905.64,07:00 - 16:30,סגור,5.0
נחלה נאדר פחחות רכב חיפה,מוסך מורשה,ההסתדרות 82,חיפה,04-8412511,תיקון מרכבי רכב,נחלי קסיס חנא,204129.07,744376.48,07:00 - 16:00,07:00 - 12:00,3.4
קליינברג זאב - עוצמת אור,מוסך מורשה,לבונטין 1,חיפה,04-8665639,חשמלאות רכב,קליינברג זאב,199801.62,746483.08,07:00 - 16:30,07:00 - 13:00,3.2
ק.ס מוסך שבתאי שמר  בע מ,מוסך מורשה,מרקוני 4,חיפה,04-8411914,מכונאות רכב בנזין,זילברברג בני,203269.96,743706.32,07:00 - 16:00,סגור,3.9
בולוס ג'יריס מוסך קרוזר למכונאות,מוסך מורשה,שד ההסתדרות 104,חיפה,04-8410959,מכונאות רכב בנזין,בולוס ג'ריס,204360.05,744522.56,07:00 - 16:30,07:00 - 12:00,4.4
שירותי רכב רוממה,מוסך מורשה,יוליוס סימון 49,חיפה,04-8419181,מכונאות רכב בנזין,בכר חיים,204570.13,746902.65,07:00 - 17:00,07:00 - 12:00,4.3
מוסך זיוד נאיף,מוסך מורשה,האשלג 21,חיפה,04-8723959,מכונאות רכב בנזין,נבו יצחק,204128.17,744070.21,07:00 - 16:30,07:00 - 12:00,4.4
מוסך שפיק וטל רכבים בע מ,מוסך מורשה,ההסתדרות 200,חיפה,04-8721496,מכונאות רכב בנזין,רפול גסאן,206373.15,745888.51,07:00 - 17:00,סגור,4.3
יאסין כמאל מוסך שמוליק 2018,מוסך מורשה,ההסתדרות 73,חיפה,04-8729983,מכונאות רכב בנזין,יאסין כמאל,204073.92,744443.88,07:00 - 16:30,סגור,4.4
גרוס שאדי עבודת פחחות וצבע בע מ,מוסך מורשה,אריה שנקר 9,חיפה,053-5205543,תיקון מרכבי רכב,גרוס שאדי,206047.71,746106.79,07:00 - 16:30,07:00 - 12:30,3.4
מועלם שלמה - תיקון אגזוזים,מוסך מורשה,חטיבת גולני 29,חיפה,04-8665284,תיקון צנורות פליטה ודודי עמם,מועלם שלמה,201241.15,745588.13,07:00 - 17:00,07:00 - 12:30,4.0
מוסך איילון.ס.(2006) שירות בע מ,מוסך מורשה,המרכבה 11,אשקלון,050-2705500,מכונאות רכב בנזין,שרביט סמי,161603.85,619556.34,07:00 - 17:00,07:00 - 12:30,3.1
מוסך ברק ב ש )מ.ג.י.י.( בע מ,מוסך מורשה,המלאכה 24,באר שבע,08-6230996,מכונאות רכב בנזין,זילברמן יצחק,180421.73,571816.61,07:00 - 16:00,סגור,4.1
עמיגל סוכנויות ושירותים בע מ,מוסך מורשה,הפלדה 25,באר שבע,08-6270911,מכונאות רכב בנזין,אבו גניים סלאמה,182046.28,570132.53,07:00 - 17:00,סגור,4.7
גריסי את שטרית - דוד את אהרון,מוסך מורשה,הפלדה 36,באר שבע,08-6230226,מכונאות רכב בנזין,אלגריסי הנרי,181974.84,570088.88,07:00 - 16:00,סגור,4.9
מוסך צמרת - אביעד תומר,מוסך מורשה,התעשייה 29,אשקלון,052-8286652,מכונאות רכב בנזין,אביעד שמואל,162012.63,619831.8,07:00 - 17:00,07:00 - 13:00,4.0
א.ח . המבריק פחחות וצבע בע מ,מוסך מורשה,הנגרים  10,באר שבע,08-6274754,תיקון מרכבי רכב,אמר אלברט,181292.11,572395.91,07:00 - 16:30,סגור,3.0
מוסך א.ש. שירותי מכונאות - אביב,מוסך מורשה,הכישור 16,אשקלון,08-6750620,מכונאות רכב בנזין,חטאב יהודה,161992.21,619207.51,07:00 - 16:30,07:00 - 13:00,3.3
רובל משה תיקון רדיאטורים,מוסך מורשה,אבן עזרא 2,אשקלון,08-6750285,תיקון רדיאטורים )מצננים),רובל משה,161201.1,619550.15,07:00 - 16:00,07:00 - 12:00,4.8
אוטו - טופ בנגב בע מ,מוסך מורשה,הפועלים 13,באר שבע,08-6652191,בדיקות-רכב )קניה ומכירה),דמרי מאיר,181875.95,570523.31,07:00 - 17:00,07:00 - 12:00,4.2
צמיגי בן אליהו בע מ,מוסך מורשה,הפנינים 2,אשקלון,08-6751370,תיקון והחלפת צמיגים,אליהו חיים,161804.31,618978.84,07:00 - 16:00,07:00 - 12:30,3.5
מלגזות הדרום בע מ,מוסך מורשה,הבדיל 24,באר שבע,052-3960336,אישור כשירות לצמ ה ומכונה ניידת,מארק גיל,181800.81,570451.97,07:00 - 16:00,סגור,3.9
אור - צת שרותי רכב בע מ,מוסך מורשה,בית הדפוס 24,ירושלים,02-6514446,מכונאות רכב בנזין,הרשקוביץ יהושוע,217578.0,632636.0,07:00 - 17:00,סגור,3.5
מימד מרכז שירות בע מ,מוסך מורשה,הבדיל 21,באר שבע,053-6670074,מכונאות רכב בנזין,דנינו אורי הרצ,181846.35,570478.37,07:00 - 17:00,07:00 - 12:30,3.5
מוסך אשקלון - גויטע גבעתי רחמים,מוסך מורשה,הגלגל 1,אשקלון,08-6751682,מכונאות רכב בנזין,גויטע רחמים,161739.71,619463.83,07:00 - 17:00,07:00 - 12:00,3.7
ב.מ עדן שירותי רכב בע מ,מוסך מורשה,הכישור 10,אשקלון,08-6750494,מכונאות רכב בנזין,גדיאן שלמה,161928.88,619076.22,07:00 - 16:30,07:00 - 13:00,4.7
זכוכית אשקלון בע מ,מוסך מורשה,הכישור  12,אשקלון,08-6750542,זגגות רכב,סלע עמי,161944.76,619094.74,07:00 - 17:00,סגור,4.0
מלכה חנניה מוסך הצוות,מוסך מורשה,מנחם יקואל 1,בת ים,03-5527035,מכונאות רכב בנזין,וידר מיקי,176239.84,657486.17,07:00 - 17:00,07:00 - 12:30,4.2
דרויש שלום מוסך היוזמים,מוסך מורשה,היוזמים 6,אור יהודה,04-5335210,מכונאות רכב בנזין,דרוויש אליהו,187315.8,658829.26,07:00 - 16:30,07:00 - 13:00,4.4
מוזס אברהם - צמיגי דוד,מוסך מורשה,תובל 16,רמת גן,03-7511074,תיקון והחלפת צמיגים,מוזס אלי,181628.39,666122.72,07:00 - 16:00,07:00 - 12:00,5.0
א.ד טקסי (2013) בע מ מוסך ארגמן,מוסך מורשה,לישנסקי 8,ראשון לציון,03-6874083,מכונאות רכב בנזין,יצחקוב שלמה,177998.53,655284.77,07:00 - 16:30,07:00 - 13:00,3.7
מטרו מוטור שווק (1981) בע מ,מוסך מורשה,הפלך 2,תל אביב -יפו,03-7294544,מכונאות אופנועים וקטנועים,מטלון איתי,177956.57,662011.34,07:00 - 17:00,07:00 - 13:00,4.1
און קור מאירי כפיר,מוסך מורשה,פנקס 16,נתניה,09-8841524,מכונאות רכב בנזין,מאירי כפיר,188351.46,691860.25,07:00 - 17:00,07:00 - 12:30,3.2
בלאיש דוד מוטו סקוטר קטנועים,מוסך מורשה,שלבים 12,תל אביב -יפו,03-6815769,מכונאות אופנועים וקטנועים,בלאיש משה,177943.24,662004.87,07:00 - 16:00,07:00 - 13:00,3.9
מוסך הרצל בראל טיפטופ שרותי רכב,מוסך מורשה,הסוללים 8,תל אביב -יפו,03-6241713,מכונאות רכב בנזין,בראל הרצל,180844.67,664211.22,07:00 - 17:00,07:00 - 13:00,3.8
עוזי דרויש צמיגי מוריס,מוסך מורשה,גזית 1,פתח תקווה,03-9346689,תיקון והחלפת צמיגים,דרויש מוריס,190449.53,667778.41,07:00 - 16:30,07:00 - 12:30,3.4
שומרון דוד צמיגי יהלום,מוסך מורשה,זבוטינסקי 4,רמת גן,03-7513223,תיקון והחלפת צמיגים,שומרון דוד,181465.67,665548.15,07:00 - 17:00,07:00 - 12:30,3.9
מוסך איציק,מוסך מורשה,ארבע ארצות 7,חולון,03-5047554,מכונאות רכב בנזין,קררו יצחק,178097.92,656796.96,07:00 - 17:00,07:00 - 12:30,3.7
נאוציצל ישראל חשמל רכב,מוסך מורשה,שכטרמן 20,נתניה,09-8846017,חשמלאות רכב,נאוציצל ישראל,188869.03,691819.97,07:00 - 16:30,07:00 - 12:30,4.4
איציק בו שושן מוסך,מוסך מורשה,האופן 10,חולון,03-5590175,מכונאות רכב בנזין,בן שושן יצחק,181260.8,658906.15,07:00 - 16:00,סגור,4.3
א.ב.רם גלס בע מ,מוסך מורשה,המלאכה 22,חולון,03-5569333,זגגות רכב,עמרני אברהם,181477.76,658490.76,07:00 - 16:00,07:00 - 12:00,3.5
ד . א . הרשת לצמיגים בע מ,מוסך מורשה,הפלד 21,חולון,03-5581992,מכונאות רכב בנזין,יחיא דוד,181230.38,658675.97,07:00 - 16:30,07:00 - 12:00,3.5
סימן טוב תיקון אופנועים,מוסך מורשה,מסילת ישרים 12,תל אביב -יפו,03-6881476,מכונאות אופנועים וקטנועים,סמן טוב שלמה,179011.81,661848.04,07:00 - 16:30,סגור,4.5
אמבר עזרא מוסך נייד  לי ,מוסך מורשה,הדקל 6,הרצלייה,03-9501024,מוסך נייד לחילוץ ולתיקוני חירום,אמבר עזרא,186088.43,675964.25,07:00 - 16:00,סגור,4.9
אהרון משה מוסך הפלד,מוסך מורשה,הפלד 30,חולון,03-5561812,תיקון מרכבי רכב,אהרון משה,181135.0,658705.68,07:00 - 16:30,07:00 - 12:00,4.2
ויקי גולן מצילי המכוניות,מוסך מורשה,שכטרמן 5,נתניה,050-5360013,צבעות רכב,בר מימון נסים,188289.64,691904.73,07:00 - 16:30,סגור,3.3
כהן ארזי רפי מוסך ארזים,מוסך מורשה,פרשקובסקי 2,ראשון לציון,03-9697690,מכונאות רכב בנזין,כהן ארזי,182297.02,653645.68,07:00 - 17:00,07:00 - 12:00,3.9
בנימין מכון האחים,מוסך מורשה,האורג 6,נתניה,09-8620876,מכונאות רכב בנזין,זליג בנימין,188291.49,691700.38,07:00 - 16:30,סגור,4.0
מוסך אור אל  א.ב.א.  בע מ,מוסך מורשה,אורט ישראל 46,בת ים,03-5518223,תיקון מרכבי רכב,חגג משה,176133.41,657428.11,07:00 - 16:30,07:00 - 12:00,3.9
חג'ג' מאיר מוסך מרתון,מוסך מורשה,המסגר 18,נתניה,09-8619344,צבעות רכב,חגג מאיר,188520.27,691951.5,07:00 - 16:30,07:00 - 12:00,4.5
רובס בני מכונאות,מוסך מורשה,הפלדה 18,נתניה,09-8621265,מכונאות רכב בנזין,עומר סאמר,188673.72,691623.42,07:00 - 16:00,07:00 - 12:00,3.6
קונברטורים בע מ,מוסך מורשה,המסגר 56,תל אביב -יפו,03-5616777,תיקון תיבות הילוכים אוטומטיות,קסלר זוהר,180033.94,663792.2,07:00 - 17:00,07:00 - 13:00,4.4
איגור את לונגו מוסך בימר,מוסך מורשה,אורט ישראל 32,בת ים,03-5530686,מכונאות רכב בנזין,ניקיטין איגור,176196.35,657538.47,07:00 - 16:30,07:00 - 12:00,4.0
ביטון חיים מוסך צמרת,מוסך מורשה,האורגים 17,בת ים,03-5535041,מכונאות רכב בנזין,חן שלום,176079.93,657468.35,07:00 - 16:00,07:00 - 12:30,4.5
שחל חשמלאות רכב אלכס,מוסך מורשה,כצנלסון 19,לוד,08-9246675,חשמלאות רכב,אבו שלח אלכסנדר,190197.64,651338.52,07:00 - 17:00,07:00 - 12:30,3.2
משה שחרור מוסך הנכון,מוסך מורשה,המרכבה 4,חולון,03-5504515,מכונאות רכב בנזין,אליהו ניסן,181700.07,658451.3,07:00 - 17:00,07:00 - 13:00,4.1
ויקטור גרסי צבעות רכב,מוסך מורשה,אברבנאל 55,תל אביב -יפו,03-6826507,צבעות רכב,ויקטור גרסי,178129.89,662467.78,07:00 - 16:30,07:00 - 12:00,3.7
מוסך אורן את חנן בע מ,מוסך מורשה,ריבל 31,תל אביב -יפו,03-6873767,מכונאות רכב בנזין,חנן טל,179746.5,663344.88,07:00 - 17:00,07:00 - 12:00,3.6
סטופ ביג ליס קאר בע מ,מוסך מורשה,עמל 6,נתניה,050-768787,תיקון מרכבי רכב,קילנר ראובן,188279.32,691794.7,07:00 - 17:00,סגור,4.0
מוסך השושנים יצחק יברגימוב,מוסך מורשה,המסגר 7,בת ים,03-5526185,מכונאות רכב בנזין,צרפתי משה,176386.75,657530.01,07:00 - 16:00,07:00 - 13:00,3.3
ש.צ מוסך דרור בע מ,מוסך מורשה,המלאכה 53,חולון,03-5598365,אוטוטק רכב קל,יעקבי צפריר,181166.94,657910.78,07:00 - 16:30,סגור,3.8
ממסי שרותי דרך וגרירה בע מ,מוסך מורשה,הרצל 132,תל אביב -יפו,03-6821702,מכונאות אופנועים וקטנועים,עאזאר נביל,178457.34,662307.87,07:00 - 17:00,07:00 - 13:00,4.8
נג'ארי אבי מוסך מושון,מוסך מורשה,לבנדה 42,תל אביב -יפו,03-6877783,מכונאות רכב בנזין,נג'ארי אבי,179682.37,662773.54,07:00 - 16:00,סגור,4.1
מייזל את מאיר מוסך נירון,מוסך מורשה,הרקון 5,רמת גן,03-7515416,מכונאות רכב בנזין,מייזל ניר,181347.9,665845.45,07:00 - 16:00,07:00 - 12:30,4.9
מוסך אבי צלח שרותי רכב בע מ,מוסך מורשה,שונצינו 15,תל אביב -יפו,03-6877439,מכונאות רכב בנזין,הררי מאיר,180094.93,663813.23,07:00 - 16:00,סגור,4.4
שיא סוכנויות רכב שחודה 2000 בע מ,מוסך מורשה,פנקס 9,נתניה,052-4686355,מכונאות רכב בנזין,פיירמן יהודה,188409.1,692057.26,07:00 - 16:00,סגור,4.9
הילוך שישי מערב ראשון בע מ,מוסך מורשה,שרת 23,ראשון לציון,052-2092700,אוטוטק רכב קל,אביב תמיר,176996.81,655697.85,07:00 - 16:30,סגור,3.5
חסן את אברהים מוסך שבח,מוסך מורשה,הבנאי 11,חולון,03-5591414,מכונאות רכב בנזין,שבח אלי,181646.22,657980.97,07:00 - 17:00,07:00 - 13:00,3.4
צמיגי איתן כחלון הרצליה בע מ,מוסך מורשה,המנופים 5,הרצלייה,03-9547515,תיקון והחלפת צמיגים,כהן איתן,181973.24,674197.21,07:00 - 17:00,סגור,4.8
חיו יחזקאל מוסך אמיר וחזי,מוסך מורשה,יצחק שדה 5,תל אביב -יפו,03-5611987,מכונאות רכב בנזין,כהן שחר יצחק,179806.73,663703.87,07:00 - 16:00,סגור,4.8
צרפתי יהודה וישראל בעמ,מוסך מורשה,המשביר 20,חולון,03-5569536,תיקון מרכבי רכב,צרפתי ישראל,181661.11,657806.29,07:00 - 17:00,07:00 - 13:00,4.7
מוטו פיקס בע מ,מוסך מורשה,בית אלפא 9,תל אביב -יפו,03-6188097,מכונאות אופנועים וקטנועים,שביל גרשון,180187.81,663692.39,07:00 - 17:00,07:00 - 12:00,3.7
טל קדם אופנועי הבורסה,מוסך מורשה,תובל 15,רמת גן,03-7515308,מכונאות אופנועים וקטנועים,טל קדם,181565.26,665946.35,07:00 - 17:00,07:00 - 12:00,4.8
מוסך גולי בע מ,מוסך מורשה,משה בקר 32,ראשון לציון,03-9659395,תיקון מרכבי רכב,גולי מרדכי,182260.72,654047.86,07:00 - 16:00,סגור,3.6
פניני משה מוסך פניני,מוסך מורשה,גנוסר 4,תל אביב -יפו,03-6918976,תיקון מרכבי רכב,פניני משה,180798.45,664729.76,07:00 - 16:00,סגור,3.4
וויס אברהם מוסך גחלת,מוסך מורשה,פלוטיצקי 3,ראשון לציון,03-9692085,מכונאות רכב בנזין,אברהם וויס,182461.0,654588.99,07:00 - 16:30,07:00 - 12:30,4.1
כהן ארז אגזוזים,מוסך מורשה,בקר משה 18,ראשון לציון,03-9643086,תיקון צנורות פליטה ודודי עמם,כהן ארז,182169.96,653672.21,07:00 - 16:00,07:00 - 12:00,3.5
א.ר. ניר רחובות בע מ,מוסך מורשה,היצירה 20,רחובות,08-9361787,מכונאות רכב בנזין,קפלן שי,179597.0,644036.96,07:00 - 16:00,07:00 - 12:00,4.3
שלמה שקורי מוסך הודיה,מוסך מורשה,מיקוניס 6,תל אביב -יפו,03-6871197,מכונאות רכב בנזין,באומל יוחנן,179855.51,663042.21,07:00 - 16:00,07:00 - 12:30,3.8
.צלאל רועי גלגלי העיר,מוסך מורשה,שמוטקין 20,ראשון לציון,03-9654610,תיקון והחלפת צמיגים,בצלאל רועי,182285.59,653617.05,07:00 - 16:00,סגור,3.3
מרכז שרות תכלת בע מ,מוסך מורשה,האצל 10,ראשון לציון,03-6238000,מכונאות רכב בנזין,אבי נחמיאס,178027.24,655205.06,07:00 - 16:00,07:00 - 13:00,4.1
א.ה.ק. האחים בע מ,מוסך מורשה,יד חרוצים 5,הרצלייה,09-9566708,מכונאות רכב בנזין,חטיב עבד אלחלים,182186.33,674475.94,07:00 - 16:00,07:00 - 12:30,4.2
מאיה את לייבה מוסך קינג קארס,מוסך מורשה,המרץ 4,פתח תקווה,03-9236343,תיקון מרכבי רכב,מלוב אולג,186485.84,666692.36,07:00 - 16:00,07:00 - 13:00,4.3
ד ר פח וצבע בע מ,מוסך מורשה,הנגב 16,תל אביב -יפו,03-6878811,תיקון מרכבי רכב,בריק ירוחם,179338.78,663191.24,07:00 - 17:00,סגור,3.2
הן כדורי צמיגי רמת גן,מוסך מורשה,היצירה 12,רמת גן,03-5756336,תיקון והחלפת צמיגים,כהן כדורי,181494.75,665933.56,07:00 - 16:00,07:00 - 12:30,4.4
אדר אשר מוסך סייר,מוסך מורשה,בית עובד 12,תל אביב -יפו,03-6884429,מכונאות רכב בנזין,אדר אשר,180097.7,663475.17,07:00 - 16:00,07:00 - 12:30,4.8
צמיגי הקניון אסייג 1999 בע מ,מוסך מורשה,ריבל 4,תל אביב -יפו,03-5374708,תיקון והחלפת צמיגים,אסייג חיים,179520.91,663349.49,07:00 - 17:00,07:00 - 13:00,4.8
לונדון יעקב אומן מוטורס,מוסך מורשה,המשביר 18,חולון,03-5585510,מכונאות רכב בנזין,לונדון יעקב,181618.12,657834.09,07:00 - 16:00,07:00 - 12:30,3.3
מוסך ביטרן בע מ,מוסך מורשה,משה שרת 13,ראשון לציון,03-9623228,מכונאות רכב בנזין,ביטרן דניאל,176848.0,655766.72,07:00 - 17:00,07:00 - 13:00,4.6
אהוד בן נון מוסך בורדו,מוסך מורשה,בן דוד 8,ראשון לציון,03-9506111,מכונאות רכב בנזין,אהוד בן נון,180997.74,653801.84,07:00 - 16:30,07:00 - 12:00,4.7
מוסך מינו ברדה 1989 בעמ,מוסך מורשה,היוגב 2,חולון,03-5508313,תיקון מרכבי רכב,דנק אברהם,181695.86,657913.09,07:00 - 17:00,07:00 - 13:00,4.1
חג'ג דניאל אגזוזי קרן,מוסך מורשה,פנקס 15,נתניה,09-8870007,תיקון צנורות פליטה ודודי עמם,חג'ג' דניאל,188405.73,691925.83,07:00 - 16:30,07:00 - 12:30,4.4
מוסך אליהו גמיל,מוסך מורשה,חזק 12,תל אביב -יפו,03-6825501,חשמלאות רכב,אליהו גמיל,177743.7,662237.7,07:00 - 17:00,07:00 - 12:30,5.0
ינאי נחושתן מוסך רן סייקל,מוסך מורשה,שוקן 10,תל אביב -יפו,03-5189028,מכונאות אופנועים וקטנועים,לוי דוד,178620.8,662352.8,07:00 - 16:00,סגור,4.1
יוניברסל מוטורס ישראל בעמ,מוסך מורשה,פלטין 5,ראשון לציון,03-9534400,מכונאות רכב בנזין,ציגלר ירון,178635.56,655129.97,07:00 - 16:30,סגור,3.8
מוסך בסגנון אלפיים בעמ,מוסך מורשה,אליקום 8,תל אביב -יפו,03-6821470,תיקון מרכבי רכב,פרידמן פנחס,178811.92,662325.14,07:00 - 16:00,07:00 - 12:00,5.0
תיבות הילוכים אוטומטיים בע מ,מוסך מורשה,האופן 12,חולון,03-5594271,מכונאות רכב בנזין,כהן יעקב ג'ק,181278.83,658927.15,07:00 - 17:00,07:00 - 12:00,3.8
רכב דוד מוסכים ש.ר.ד 1995 בע מ,מוסך מורשה,נירים 8,תל אביב -יפו,03-5370560,מכונאות רכב בנזין,הולנדר דני,180412.62,663383.09,07:00 - 16:30,07:00 - 12:00,3.5
לידור מוטורס בע מ,מוסך מורשה,גולומב 28,תל אביב -יפו,03-6390095,מכונאות רכב בנזין,שאול רוני,179659.87,662072.08,07:00 - 16:00,07:00 - 12:00,4.1
אישימוטו בע מ,מוסך מורשה,הרצל 115,תל אביב -יפו,03-5186666,מכונאות אופנועים וקטנועים,גואטה יוסף,178473.22,662251.99,07:00 - 17:00,07:00 - 12:30,3.8
מוטי ניסים מכונאות כללית,מוסך מורשה,פלוטיצקי 10,ראשון לציון,03-9666674,מכונאות רכב בנזין,מרדכי ניסים,182336.42,654405.72,07:00 - 17:00,07:00 - 12:00,5.0
דוזן מוסך פחחות וצבע בע מ,מוסך מורשה,החופר 22,חולון,03-5587447,תיקון אחזקת רכב חשמלי/היברידי,דכה סאמר,181830.47,657784.09,07:00 - 16:00,סגור,3.7
מגה פרונט ל.פ 2014 בע מ,מוסך מורשה,שכטרמן 6,נתניה,09-88045584,תיקון וכוון מתלים ברכב,יחזקאל זלמן,188395.02,691851.58,07:00 - 16:30,07:00 - 12:30,3.8
י.א אילן פחחות וצבע בע מ,מוסך מורשה,משה שרת 15,ראשון לציון,03-9616031,תיקון מרכבי רכב,אילצ'וקוב יבגני,176882.4,655740.49,07:00 - 17:00,07:00 - 12:30,3.5
מוטור-אפ בע מ,מוסך מורשה,המרץ 7,פתח תקווה,03-9224207,מכונאות רכב בנזין,מועלם אליהו,186543.73,666721.38,07:00 - 17:00,07:00 - 13:00,4.6
ניקולא מוסך הרכב,מוסך מורשה,המעפילים 6,רמלה,08-9242561,תיקון מרכבי רכב,ניקולא פזע,187994.78,648073.82,07:00 - 16:30,07:00 - 13:00,4.0
יוסי כל קטנוע,מוסך מורשה,שלמה 10,תל אביב -יפו,03-6823143,מכונאות אופנועים וקטנועים,יוסף נתן,181108.34,670121.8,07:00 - 16:30,07:00 - 13:00,4.9
שועה אדמונד מוסך אדמונד,מוסך מורשה,ישראל מסלנט 46,תל אביב -יפו,03-6884879,מכונאות רכב בנזין,שועה אדמונד,179544.34,662226.65,07:00 - 17:00,07:00 - 12:30,4.9
מאור גאנח מוסך ניסים גאנח,מוסך מורשה,ההגנה 12,אור יהודה,03-5331377,תיקון מרכבי רכב,גאנח אליהו,185864.88,660035.37,07:00 - 17:00,סגור,4.0
קוגמן שירותי רכב בע מ,מוסך מורשה,המסגר 23,נתניה,09-8849666,מכונאות רכב בנזין,קוגמן יצחק,188668.0,692013.24,07:00 - 17:00,07:00 - 12:00,4.3
גנח אפרים פחחות וצבע,מוסך מורשה,הפלד 22,חולון,03-5569097,תיקון מרכבי רכב,גנח אפרים,181072.56,658762.95,07:00 - 17:00,07:00 - 13:00,4.2
רז גפני אבנוע סנטר,מוסך מורשה,סחרוב 9,ראשון לציון,03-9510695,מכונאות אופנועים וקטנועים,מזרחי מרדכי,178380.17,655507.91,07:00 - 17:00,סגור,4.0
מוסך גורג פחחות וצבע בעמ,מוסך מורשה,עולי הגרדום 6,רמלה,08-9250908,תיקון מרכבי רכב,גנימה גורג,187729.5,648098.07,07:00 - 17:00,07:00 - 12:30,3.4
ד ר פח וצבע קרני אור רחובות בע מ,מוסך מורשה,היצירה 7,רחובות,08-9999201,תיקון אחזקת רכב חשמלי/היברידי,כהן נח,179253.57,643941.71,07:00 - 17:00,07:00 - 13:00,4.1
מיכאל מוטורס,מוסך מורשה,הבנאי 27,חולון,050-4766996,מכונאות רכב בנזין,פיאלקו מיכאל,181446.28,657673.75,07:00 - 16:00,07:00 - 13:00,3.9
נח טל מוסך טל,מוסך מורשה,שמעון ישראלי 4,ראשון לציון,03-9523168,חשמלאות רכב,נח טל,176629.73,655355.08,07:00 - 16:30,סגור,3.0
אלי את אלי דושיבע מ,מוסך מורשה,המנוע 8,תל אביב -יפו,03-6820841,תיקון קרבורטורים,חלפון שמעון,177972.19,661944.9,07:00 - 16:30,07:00 - 12:30,4.8
איציק זקן מוסך הנציב,מוסך מורשה,שונצינו 22,תל אביב -יפו,03-5616588,מכונאות רכב בנזין,זלצר בן ציון,180166.71,663975.07,07:00 - 17:00,סגור,3.3
טולדנו איחוד מוסכים 2008,מוסך מורשה,מרכוס 7,פתח תקווה,03-9343515,מכונאות רכב בנזין,יוסי טולדנו,189165.03,666502.22,07:00 - 16:00,07:00 - 12:30,3.3
כהן ז'וזו' מוסך ז'וזו',מוסך מורשה,הנגר 14,נתניה,09-8829742,מכונאות רכב בנזין,כהן ז'וז'ו,188532.8,691398.36,07:00 - 17:00,07:00 - 12:00,4.1
מוסך ארמי ראוי,מוסך מורשה,החרושת 6,אור יהודה,04-5337764,מכונאות רכב בנזין,ארמי כרמל,187076.28,658685.0,07:00 - 17:00,07:00 - 12:30,3.8
א.א. רוני מוסך כללי בע מ,מוסך מורשה,אצל 11,ראשון לציון,03-9617717,מכונאות רכב בנזין,עברי אלי,178067.32,655123.83,07:00 - 16:30,07:00 - 13:00,3.3
מוסך ים התיכון (1990) בע מ,מוסך מורשה,יד חרוצים 3,הרצלייה,03-9570244,מכונאות רכב בנזין,ראובן אהרון,182213.48,674481.05,07:00 - 16:00,07:00 - 13:00,3.4
בל מוטורס בסד בע מ,מוסך מורשה,האורגים 9,חולון,03-5586272,מכונאות רכב בנזין,צוקרל גולן,181148.91,657696.93,07:00 - 16:00,סגור,4.9
ברק אור שרותי (1995)בע מ,מוסך מורשה,המנוע 6,תל אביב -יפו,03-6814389,מכונאות רכב בנזין,בוטבול רונן,177958.57,661949.56,07:00 - 17:00,07:00 - 12:30,3.5
ושציב אולג - מוסך מקסי,מוסך מורשה,משה שרת 22,ראשון לציון,03-9514763,מכונאות רכב בנזין,סולאימון אברמוב,176870.84,655702.58,07:00 - 16:30,07:00 - 12:00,4.1
אמ.סי.מוטורס בע מ,מוסך מורשה,הרצל 120,תל אביב -יפו,03-6838930,מכונאות אופנועים וקטנועים,דגן נעם,178493.67,662367.96,07:00 - 16:30,07:00 - 12:30,3.0
אמסלם יהודה מכונאות חשמל ומיזוג,מוסך מורשה,בן לולו 4,ראשון לציון,03-9643315,מכונאות רכב בנזין,אמסלם יהודה,182324.16,653560.92,07:00 - 16:30,07:00 - 12:00,3.6
יצחק מזרחי מוטו בייק אמינות,מוסך מורשה,יצחק שדה 37,תל אביב -יפו,03-6241355,מכונאות אופנועים וקטנועים,מזרחי יצחק,180230.84,663598.58,07:00 - 17:00,07:00 - 12:30,4.0
אל חטיב גואד צמיגי ג'ו חולון,מוסך מורשה,המלאכה 31,חולון,03-5583115,תיקון והחלפת צמיגים,אל חטיב ג'ואד,181380.51,658186.15,07:00 - 16:00,07:00 - 13:00,4.6
שש - צ2011 בע מ,מוסך מורשה,אורט 23,נתניה,09-8844944,מכונאות רכב בנזין,מסיכה שמעון,188632.88,691508.74,07:00 - 16:30,07:00 - 12:00,3.4
מוסך נפתלי - אילן את מוטי נפתלי,מוסך מורשה,היוזמים 11,אור יהודה,04-6341336,מכונאות רכב בנזין,אילן נפתלי,187273.11,658888.79,07:00 - 16:00,07:00 - 13:00,3.7
שרון בן אדיבה מוסך מרכז הרכב,מוסך מורשה,הגלגל 21,רחובות,08-9471405,מכונאות רכב בנזין,שרון בן אדיבה,179458.12,643960.76,07:00 - 16:00,07:00 - 13:00,3.8
אורי את אורית מוסך אורי אופנועים,מוסך מורשה,ראשית חכמה 16,תל אביב -יפו,03-6825555,מכונאות אופנועים וקטנועים,ציוני אורי,178767.01,662455.74,07:00 - 16:00,07:00 - 12:00,4.6
מוסך הסמל בע מ,מוסך מורשה,האצל 29,ראשון לציון,03-5514567,מכונאות רכב בנזין,גראיסי רוז'ה,177764.64,655265.46,07:00 - 16:00,07:00 - 12:30,4.5
ליאור קריטי צמיגי קריטי,מוסך מורשה,גלגל 23,רחובות,08-9318855,תיקון והחלפת צמיגים,קריטי ליאור,179450.52,643977.84,07:00 - 16:00,07:00 - 12:30,4.6
קזנטיני שלום ועמוס צמיגי קזנטיני,מוסך מורשה,הברזל 13,תל אביב -יפו,03-6476078,תיקון והחלפת צמיגים,קזנטיני אבנר,184797.55,668322.14,07:00 - 16:00,07:00 - 12:30,4.3
לויטו יבגני מוסך אלמר,מוסך מורשה,הסדנא 14,חולון,052-2306753,מכונאות רכב בנזין,לויטו יבגני,181388.5,658753.82,07:00 - 17:00,07:00 - 12:00,3.6
מנשה את אלון מוסך הצמד,מוסך מורשה,אלטלף 19,יהוד,03-6321525,מכונאות רכב בנזין,שורץ אורן,190602.69,659658.43,07:00 - 17:00,07:00 - 12:00,4.8
תמיר את אביב אופנועי חולון,מוסך מורשה,הבנאי 8,חולון,03-5596558,מכונאות אופנועים וקטנועים,כהן אביב,181721.47,658164.88,07:00 - 16:00,07:00 - 13:00,5.0
מוסך מוטונל - אפי ואלון,מוסך מורשה,נחל איילון 37,תל אביב -יפו,03-6037300,מכונאות אופנועים וקטנועים,טננבאום אלון,180158.69,663523.19,07:00 - 16:30,07:00 - 12:30,3.2
כפיר בלמים בע מ,מוסך מורשה,טברסקי 4,תל אביב -יפו,03-5622544,שיפוץ מכללי בלמים,כפיר דני,180232.77,663636.97,07:00 - 16:00,07:00 - 12:00,4.0
צמיגי חנניה בע מ,מוסך מורשה,וסרמן 2,תל אביב -יפו,03-5185221,תיקון והחלפת צמיגים,עוז סיני יצחק,177748.33,662474.12,07:00 - 16:30,07:00 - 12:30,4.6
מוסך מרכזי לרכב יפני חולון בע מ,מוסך מורשה,הפלד 10,חולון,03-5596880,מכונאות רכב בנזין,בר יעקב,180834.66,658985.79,07:00 - 16:00,07:00 - 13:00,4.1
מרקוס יעקב קארטיק ישראל,מוסך מורשה,הגלגל 17,רחובות,08-9465056,בדיקות-רכב )קניה ומכירה),מרכוס משה,179517.13,643925.61,07:00 - 16:30,סגור,4.6
מוסך פאר הרצליה 1995 בע מ,מוסך מורשה,החושלים 1,הרצלייה,09-9572799,מכונאות רכב בנזין,לוי רענן,182028.91,673902.84,07:00 - 16:00,07:00 - 12:00,3.3
מוסך יוסי כהן פחחות וצבע בע מ,מוסך מורשה,ישראל בק 12,תל אביב -יפו,03-5615831,תיקון מרכבי רכב,כהן יוסף,180222.84,663983.06,07:00 - 17:00,07:00 - 13:00,4.5
אחד על אחד יעוץ לדו גלגלי בע מ,מוסך מורשה,שוקן 9,תל אביב -יפו,050-2524451,מכונאות אופנועים וקטנועים,צפריר אוהד,178656.5,662345.29,07:00 - 16:00,07:00 - 12:00,4.8
רמי אבייט מרכז הגירים,מוסך מורשה,החופר 14,חולון,03-5580661,תיקון תיבות הילוכים אוטומטיות,ברנס אליעזר,181853.2,657935.53,07:00 - 16:30,סגור,3.8
יעקב את ששי - מוסך יש,מוסך מורשה,היצירה 16 אור-יהודה,אור יהודה,03-6340532,מכונאות רכב בנזין,זאדה סולטן דנאל,187218.07,658932.35,07:00 - 16:30,07:00 - 12:30,4.6
חרומוב יבגני מוסך גז קו,מוסך מורשה,הפלד 6,חולון,077-5578164,מכונאות רכב בנזין,אטיאס וויליאם,180748.72,659127.56,07:00 - 16:30,סגור,3.6
אטבה יובל מוסך יובל,מוסך מורשה,גינוסר 4,תל אביב -יפו,03-6960666,מכונאות רכב בנזין,אטבה יורם,180798.45,664729.76,07:00 - 16:30,07:00 - 12:00,4.0
אימפריה אקספרס בע מ,מוסך מורשה,ריבל 19,תל אביב -יפו,054-4339448,מכונאות רכב בנזין,דואר אייל,179681.91,663345.99,07:00 - 17:00,07:00 - 12:00,5.0
ש.א. המעבדה לרכב (2005) בע מ,מוסך מורשה,הסתת 5,חולון,03-5505780,בדיקות-רכב )קניה ומכירה),אלקבץ אהרון,181367.35,657885.35,07:00 - 16:30,07:00 - 12:00,3.8
נע נע בע מ,מוסך מורשה,ספיר 5,ראשון לציון,03-9418918,מכונאות רכב בנזין,בלפונטה אורן,176671.77,655746.06,07:00 - 16:00,סגור,3.8
טפליצקי איגור צמיגי לב העיר,מוסך מורשה,הרצל 48,נתניה,09-8873091,תיקון והחלפת צמיגים,טפליצקי איגור,187040.46,692674.42,07:00 - 17:00,סגור,4.4
זכוכית מרכז זגגות טרקטורים בע מ,מוסך מורשה,לילינבלום 6,רמלה,08-9241838,זגגות רכב,אסרף משה,188486.81,648384.33,07:00 - 17:00,07:00 - 12:00,3.1
אביבי עובדיה הסעות וטיולים בע מ,מוסך מורשה,פנקס 45,נתניה,09-8336224,מכונאות רכב בנזין,אביבי שאולי,188331.07,691249.76,07:00 - 16:30,07:00 - 13:00,3.4
מוסך דרור מערכות בע מ,מוסך מורשה,בן יהודה 2,רמלה,050-5505328,אישור כשירות לצמ ה ומכונה ניידת,דרור דודי,188515.6,648391.57,07:00 - 17:00,07:00 - 13:00,4.0
ניסים ראשים  ניר  בע מ,מוסך מורשה,השיש 24,נתניה,09-8619053,רפידות ותופי בלם,וקנין ניסים,188555.46,691565.37,07:00 - 16:30,07:00 - 13:00,3.3
לב קסנוב את איציק הללה מוסך לב,מוסך מורשה,הסוללים 9,בת ים,03-5520466,מכונאות רכב בנזין,דיאמנט חיים,176304.86,657259.33,07:00 - 16:30,07:00 - 12:00,3.0
מוסך מכל הלב,מוסך מורשה,סלמה 14,תל אביב -יפו,03-6814163,מכונאות רכב בנזין,אבו שמיס חסן,179073.4,665026.96,07:00 - 16:00,07:00 - 12:00,4.5
מוסך חדאד ב.מ.וו בע מ,מוסך מורשה,הפלד 17,חולון,03-5592352,מכונאות רכב בנזין,חסונה כמאל,181196.52,658709.4,07:00 - 17:00,07:00 - 12:30,3.6
גדי את יניב מוסך גדי ודוד,מוסך מורשה,אורט ישראל 38,בת ים,03-5526262,מכונאות רכב בנזין,אברץ יניב,176173.79,657489.73,07:00 - 16:30,07:00 - 12:30,3.9
דהן שלום מוסך שלום,מוסך מורשה,העבודה 39,בת ים,03-5535213,מכונאות רכב בנזין,דהן שלום,176450.28,657398.45,07:00 - 17:00,07:00 - 12:30,3.1
ר.ג.א.)ישראל( 1987 בע מ,מוסך מורשה,בן צבי 43,ראשון לציון,03-5506102,מכונאות רכב בנזין,חכמון נתן,180614.21,654818.95,07:00 - 17:00,07:00 - 12:00,3.1
מרכז שרות השניים תל אביב בע מ,מוסך מורשה,ישראל מסלנט 52,תל אביב -יפו,03-5373756,מכונאות רכב בנזין,רנד יואל,179550.76,662302.47,07:00 - 16:00,07:00 - 12:00,3.5
מוסך סבנה חן פחחות בע מ,מוסך מורשה,התחייה 14,תל אביב -יפו,03-5188151,תיקון אחזקת רכב חשמלי/היברידי,אזולאי יוסף,177701.32,661987.61,07:00 - 17:00,07:00 - 13:00,4.3
רוזיו יצחק מוסך איזקי,מוסך מורשה,האורגים 31,בת ים,050-2244827,מכונאות רכב בנזין,רוזיו יצחק,175935.68,657250.89,07:00 - 17:00,07:00 - 12:00,3.1
מוסך דידי שרותי רכב בע מ,מוסך מורשה,גולומב 50,תל אביב -יפו,03-5622492,תיקון מרכבי רכב,פרימו יצחק,179644.27,662291.58,07:00 - 16:30,07:00 - 12:00,4.9
חצב נציגויות בע מ,מוסך מורשה,עמל 1,פתח תקווה,03-5704065,תיקון והחלפת צמיגים,גרמה צחי,186474.54,666825.28,07:00 - 17:00,סגור,4.3
שניר עוסמאן יהלום הצבע,מוסך מורשה,היסוד 10,תל אביב -יפו,03-5478803,תיקון מרכבי רכב,געברי נידאל,178227.66,662067.74,07:00 - 17:00,07:00 - 13:00,4.9
אופנובייק-מאור ושגיב,מוסך מורשה,שוקן 4,תל אביב -יפו,03-6365995,מכונאות אופנועים וקטנועים,עובד דרור,178617.92,662422.28,07:00 - 17:00,07:00 - 12:30,4.9
אלעיסאוי עלי פנצ'ריית דרום ראשון,מוסך מורשה,משה שרת 24,ראשון לציון,03-9415858,תיקון והחלפת צמיגים,אל עיסאוי עלי,176876.89,655683.69,07:00 - 16:00,סגור,3.9
ב.ה ארביב ניסים בע מ,מוסך מורשה,תמנע 15,חולון,03-6541141,תיקון תיבות הילוכים אוטומטיות,יטח ניר,181196.5,659136.1,07:00 - 17:00,07:00 - 12:30,3.3
ריינו - טייר ישראל בע מ,מוסך מורשה,הסוללים 4,תל אביב -יפו,03-6243634,תיקון והחלפת צמיגים,זבולון אביגדור,180872.59,664304.3,07:00 - 16:30,07:00 - 12:00,4.0
יצחקי ארז - ארז אופנועים,מוסך מורשה,שונצינו 1,תל אביב -יפו,050-4500006,מכונאות אופנועים וקטנועים,יצחקי ארז,180044.44,663667.97,07:00 - 17:00,סגור,4.9
אורן בן סימון שרותי רכב בע מ,מוסך מורשה,הזורע 4,חולון,03-5582382,אוטוטק רכב קל,בן סימון אורן,181825.72,657892.28,07:00 - 16:00,07:00 - 13:00,4.3
אופיר מוטורבייק  - אופיר חגג,מוסך מורשה,שכטרמן 16,נתניה,054-2296355,מכונאות אופנועים וקטנועים,חגאג אופיר,188627.66,691815.02,07:00 - 16:30,07:00 - 12:30,3.9
ה.מ.מוטורס בע מ,מוסך מורשה,הרצל 113,תל אביב -יפו,03-5189995,מכונאות אופנועים וקטנועים,זעירא גלעד,178473.58,662266.4,07:00 - 17:00,07:00 - 13:00,3.2
משה ממן שרותי רכב,מוסך מורשה,הסדנא 18,חולון,03-6500637,מכונאות רכב בנזין,ממן משה,181396.48,658779.56,07:00 - 16:00,07:00 - 12:00,3.4
קובי ורפאל מוסכי ורד,מוסך מורשה,יד חרוצים 2,נתניה,09-7737184,מכונאות רכב בנזין,ורד רפאלי,187295.87,687143.29,07:00 - 16:30,07:00 - 12:00,5.0
אליה יצחק מוסך דניאל,מוסך מורשה,שמוטקין 3,ראשון לציון,03-9564235,תיקון מרכבי רכב,אליה יצחק,182226.53,653431.17,07:00 - 16:00,סגור,4.5
מוסך ניר שרעבי,מוסך מורשה,פנקס 36,נתניה,050-6783832,מכונאות רכב בנזין,טורצקי בוריס,188295.91,691310.33,07:00 - 16:00,סגור,3.8
מאסטרקאר מוסכים מתקדמים בע מ,מוסך מורשה,היצירה 22,רחובות,08-8533355,אוטוטק רכב קל,גרייבר אריק,179605.29,644075.41,07:00 - 16:30,07:00 - 13:00,3.3
ויקטור לק רדיאטורים ואגזוזים,מוסך מורשה,שנקר 3,פתח תקווה,053-7353672,תיקון רדיאטורים )מצננים),לק ויקטור,186409.31,666726.0,07:00 - 17:00,07:00 - 12:30,4.6
ספיד סוכנויות בע מ,מוסך מורשה,המלאכה 13,נתניה,09-7736057,תיקון טרקטורונים,רובס גורגי,186909.88,687286.0,07:00 - 16:00,07:00 - 12:30,3.9
ב.ה פיקס שירותי רכב בע מ,מוסך מורשה,החרוץ 5,תל אביב -יפו,050-7298447,מכונאות רכב בנזין,רובך גלעד,180261.39,663323.47,07:00 - 16:00,07:00 - 12:30,4.8
שני קאר בע מ,מוסך מורשה,רפפורט 3,ראשון לציון,03-9500595,תיקון מרכבי רכב,וולפסון מרדכי,183465.27,652724.24,07:00 - 17:00,סגור,4.6
מוסך תמם מגן ע.ג.ר. בע מ,מוסך מורשה,הסתת 4,חולון,03-5503697,תיקון מרכבי רכב,לוי  רחמים,181349.76,657944.54,07:00 - 16:00,07:00 - 13:00,4.0
רואה שי ש.ח. אופנועים,מוסך מורשה,המלאכה 3,נתניה,09-8657244,מכונאות אופנועים וקטנועים,קלמנוביץ מאיר,186846.16,687074.45,07:00 - 16:30,07:00 - 13:00,4.9
ח.מ. חולון מטורס (2010) בע מ,מוסך מורשה,האורגים 11,חולון,03-6534900,אוטוטק רכב קל,בהלול איתן,181201.28,657650.15,07:00 - 16:30,07:00 - 12:30,4.5
מוסך יהודה אדמוני,מוסך מורשה,איזקסון 3,ראשון לציון,03-9643217,חשמלאות רכב,אדמוני יהודה,182144.68,653970.61,07:00 - 17:00,07:00 - 13:00,3.3
מוסך הזוהר - רפאל הרצל,מוסך מורשה,יד חרוצים 22,נתניה,09-8611741,מכונאות רכב בנזין,רפאל הרצל,187380.56,687495.21,07:00 - 16:30,07:00 - 12:00,4.3
מיכה בן שושן מוסך מיכאלי,מוסך מורשה,גולומב 24,תל אביב -יפו,052-2599408,תיקון מרכבי רכב,אדמוביץ אליהו,179675.28,662014.68,07:00 - 16:30,07:00 - 12:30,4.5
י. קארו שרותי פחחות וצבע בע מ,מוסך מורשה,גינזבורג 8,ראשון לציון,03-5582121,תיקון מרכבי רכב,נרקיס גדעון,178282.33,655345.55,07:00 - 17:00,07:00 - 12:30,4.4
אחים שאלתיאל מוסך נאמן בע מ,מוסך מורשה,שבזי 12,יהוד,03-5365651,מכונאות רכב בנזין,שאלתיאל ראובן,195884.24,667443.65,07:00 - 16:30,07:00 - 13:00,4.5
מוטי גנדי פרונט אקס,מוסך מורשה,יוסף ספיר 5,ראשון לציון,03-9622559,תיקון וכוון מתלים ברכב,גנדי מוטי,176671.77,655746.06,07:00 - 16:30,07:00 - 12:30,4.1
גלוסקא שרותי .רכב בע מ,מוסך מורשה,המרכבה 6,חולון,03-5702535,מכונאות רכב בנזין,ציון עזרא,181703.99,658408.5,07:00 - 16:00,07:00 - 13:00,4.9
שם טוב יגאל - מוסך יגאל,מוסך מורשה,הרכב 2,נתניה,09-8823217,מכונאות רכב בנזין,שם טוב יגאל,188263.24,691341.63,07:00 - 16:00,07:00 - 13:00,4.1
רייחנוב מיכאל סיאו סנטר,מוסך מורשה,החרושת 26,אור יהודה,03-6346855,מכונאות רכב בנזין,רייחנוב מיכאל,187294.54,658729.29,07:00 - 16:30,07:00 - 13:00,4.9
מוסך ימית רושה בע מ,מוסך מורשה,הנציב 2,תל אביב -יפו,03-5616178,מכונאות רכב בנזין,רוזנבלט יהונתן,180300.02,663867.01,07:00 - 16:30,07:00 - 12:30,4.8
ניקולא קצורובסקי - מוסך פנס נקי,מוסך מורשה,אריה רגב 15,נתניה,052-5688399,תיקון מרכבי רכב,קצורובסקי ניקול,187344.14,687626.72,07:00 - 16:30,סגור,3.8
ארז בן ששון מוסך ארז 4 על 4,מוסך מורשה,היוגב 12,חולון,052-2876170,מכונאות רכב בנזין,בן ששון ארז דוד,181726.1,657884.54,07:00 - 16:00,סגור,3.6
יו אר וי מוטורס בע מ,מוסך מורשה,יקואל מנחם 3,בת ים,03-5517046,מכונאות רכב בנזין,דריזון נחמן,176253.25,657479.11,07:00 - 17:00,07:00 - 13:00,3.3
אופנועי הגשר בע מ,מוסך מורשה,תושיה 8,תל אביב -יפו,03-5379222,מכונאות אופנועים וקטנועים,נחום שרון,180183.89,663774.39,07:00 - 17:00,07:00 - 13:00,3.7
מוסך מועלם צדוק בע מ,מוסך מורשה,אלטלף 25,יהוד,03-6326805,מכונאות רכב בנזין,מועלם סמי,190608.48,659783.55,07:00 - 16:30,07:00 - 12:30,3.2
תמימי איימן מוסך האורגים,מוסך מורשה,הסתת 20,חולון,03-5506476,מכונאות רכב בנזין,בדר חסן,181208.46,657753.43,07:00 - 17:00,07:00 - 12:00,3.7
אדרי מרק - אוטו מרקו,מוסך מורשה,האורג 10,נתניה,09-7682050,מכונאות רכב בנזין,ושלר חיים,188394.23,691686.4,07:00 - 16:00,07:00 - 12:00,4.7
נחום לבר מכון לאגזוזים השלושה,מוסך מורשה,המלאכה 23,חולון,03-5505513,תיקון צנורות פליטה ודודי עמם,לבר נחום,181439.08,658257.46,07:00 - 17:00,07:00 - 13:00,4.5
אבי איתור מיגון ושמע בע מ,מוסך מורשה,הרכב 5,נתניה,09-8323326,חשמלאות רכב,ארז אברהם,188381.74,691356.71,07:00 - 16:30,סגור,3.1
דהן עמרם צמיגי עמי,מוסך מורשה,אורט ישראל 52,בת ים,03-6447704,תיקון והחלפת צמיגים,עמרם דהן,176070.59,657264.04,07:00 - 16:00,07:00 - 12:30,4.3
יצחק אילן - המוסך של אילן,מוסך מורשה,השיש 19,נתניה,09-88774216,מכונאות רכב בנזין,יצחק אילן,188583.59,691603.35,07:00 - 16:00,07:00 - 12:30,4.8
אהרון את אסד צמיגי אנטון,מוסך מורשה,האורגים 18,חולון,03-5595005,תיקון והחלפת צמיגים,חנאניא אסד,181446.19,657405.61,07:00 - 16:00,סגור,3.6
טוטלוס דוד שי זר בע מ,מוסך מורשה,ההגנה 3,תל אביב -יפו,03-6882179,מכונאות אופנועים וקטנועים,זר דוד,179637.68,662456.25,07:00 - 16:00,סגור,3.4
עזר אנטון מוסך מוטו טוני,מוסך מורשה,הסדנא 16,תל אביב -יפו,03-6320843,מכונאות אופנועים וקטנועים,עאזאר אנטואן,178533.04,662300.14,07:00 - 16:30,07:00 - 12:30,4.0
גד ורפאל שות',מוסך מורשה,הקדר 43,נתניה,09-8800803,טרקטורים ומכונות ניידות,פישביין דנר,188968.26,692141.36,07:00 - 17:00,סגור,3.7
אשר עוזי רדיו התחנה,מוסך מורשה,זבוטינסקי 22,רמת גן,03-6737250,שירות תיקון למזגן אויר לרכב,אשואל גולן,181894.93,665630.74,07:00 - 16:00,07:00 - 13:00,4.4
משה קדוש צמיגי הפלד,מוסך מורשה,הפלד 15,חולון,03-5033353,תיקון והחלפת צמיגים,קדוש משה,181192.15,658727.96,07:00 - 16:30,סגור,3.2
מוסך קשת - ריעני שמעון,מוסך מורשה,שכטרמן 15,נתניה,09-8866692,מכונאות רכב בנזין,פלנר אורי,188496.44,691897.46,07:00 - 16:30,07:00 - 12:00,3.6
צמיג ותקר - נורווינד רן,מוסך מורשה,בית אלפא 4,תל אביב -יפו,03-5612848,תיקון והחלפת צמיגים,נורווינד רן,180121.11,663668.93,07:00 - 16:00,07:00 - 12:30,3.7
מרכז שרות גילון י.מ. בע מ,מוסך מורשה,הכשרת הישוב 17,ראשון לציון,03-7353030,אוטוטק רכב קל,כחלון שחר,177839.85,655440.78,07:00 - 17:00,07:00 - 12:00,3.4
דניאל פרסטין מוסך הסדנא,מוסך מורשה,המנור 8,תל אביב -יפו,03-5662415,תיקון והחלפת צמיגים,פוליטי מייק,178586.15,662198.3,07:00 - 17:00,07:00 - 13:00,3.9
השחר מוטורס 2000 בע מ,מוסך מורשה,המלאכה 59,חולון,03-5504501,מכונאות רכב בנזין,ישראל שלומי אב,181101.54,657854.12,07:00 - 17:00,07:00 - 13:00,4.8
אודיוה ארט - דוד אלכסנדרוב,מוסך מורשה,שכטרמן 26,נתניה,054-9119223,מכונאות רכב בנזין,דבי אהרן,189069.59,691792.63,07:00 - 17:00,07:00 - 13:00,3.4
מוטו טאצ - דקר מזרחי,מוסך מורשה,תושיה 18,תל אביב -יפו,050-7226637,מכונאות אופנועים וקטנועים,דקר מזרחי,180294.25,663758.19,07:00 - 16:30,סגור,3.3
גיל מלווין - מוסך לאופנועים,מוסך מורשה,הרצל 123 תל אביב,תל אביב -יפו,03-5082266,מכונאות אופנועים וקטנועים,מלווין גיל,178462.0,662161.43,07:00 - 16:30,07:00 - 12:30,4.7
בליץ אלקטריק מוטורס בע מ,מוסך מורשה,ישראל בק 7,תל אביב -יפו,072-2555722,מכונאות אופנועים וקטנועים,פרץ ויל עם-ח,180157.61,664023.03,07:00 - 16:30,07:00 - 13:00,3.1
זאב דיין שרותי בלמים בת ים בע מ,מוסך מורשה,אהוד קינמון 24,בת ים,03-5528887,מכונאות רכב בנזין,אבידר ניסים,176395.09,657365.33,07:00 - 16:00,07:00 - 12:30,4.9
קומאנד קאר פחחות וצבע בע מ,מוסך מורשה,שרירא גאון 6 תל אביב,תל אביב -יפו,050-4630046,תיקון מרכבי רכב,קנדי אמיר,177847.77,661703.77,07:00 - 17:00,סגור,4.8
ספיד בייק-אדיר ושוקי כהן,מוסך מורשה,יצחק שדה 25,תל אביב -יפו,077-5040923,מכונאות אופנועים וקטנועים,כהן ישראל,180090.73,663631.1,07:00 - 17:00,07:00 - 12:00,4.7
א.רכב רחובות בע מ,מוסך מורשה,נחושתן 15,רחובות,08-9475080,אוטוטק רכב קל,לוריא אריאל,179661.45,643987.02,07:00 - 16:30,07:00 - 12:30,3.7
איתי מוטורס בע מ,מוסך מורשה,הסדנא 6,חולון,03-6393666,מכונאות רכב בנזין,שמואלוב משיח,181301.83,658688.83,07:00 - 17:00,07:00 - 12:30,4.7
אריאל נדיב מוסך נדיב בייק,מוסך מורשה,העמל 4,פתח תקווה,03-9195525,מכונאות אופנועים וקטנועים,נדיב אריאל,186424.66,666909.39,07:00 - 16:00,סגור,3.9
ארצי מוטורס בע מ,מוסך מורשה,הקדר 38,נתניה,050-3079551,אוטוטק רכב קל,גברה עזרא,189014.98,692091.22,07:00 - 16:00,07:00 - 12:30,4.6
אלי ברכה בע מ,מוסך מורשה,הסתת 3,חולון,050-6333383,תיקון אחזקת רכב חשמלי/היברידי,ברכה אלי,181415.19,657926.95,07:00 - 16:00,07:00 - 12:30,4.2
מוסך סלוה וודים בע מ,מוסך מורשה,השיש 23,נתניה,09-8875335,מכונאות רכב בנזין,מיזברג ולדיסלב,188643.94,691604.29,07:00 - 16:00,07:00 - 13:00,4.9
מוחמד אבו סף מוסך מחרוזת,מוסך מורשה,מחרוזת 35,תל אביב -יפו,050-4251000,מכונאות רכב בנזין,אלי מועלם,177139.16,660130.73,07:00 - 16:00,07:00 - 12:30,3.6
רוסלן שלומוב מוסך איש הפח,מוסך מורשה,גלוסקא 13,ראשון לציון,054-8025825,תיקון מרכבי רכב,שלומוב רוסלן,176840.99,655715.99,07:00 - 17:00,07:00 - 12:00,3.5
ברוך יצחק - פרונט איציק,מוסך מורשה,הסולל 2,חולון,050-5551691,תיקון וכוון מתלים ברכב,ברוך יצחק,181796.27,658012.5,07:00 - 17:00,07:00 - 13:00,3.3
א.א. אקספרס פחחות רכב בע מ,מוסך מורשה,גלוסקא 4,ראשון לציון,052-6661182,תיקון אחזקת רכב חשמלי/היברידי,קאסם סאמר,176793.53,655603.62,07:00 - 16:00,07:00 - 12:30,3.2
מוסך ישראל זסלבסקיישראל סאשה,מוסך מורשה,הבנאי 6,חולון,050-8146366,תיקון מרכבי רכב,ישראל זסלבסקי,181739.46,658192.76,07:00 - 16:00,07:00 - 13:00,3.3
שרות לצמיגים קחלון ובניו בע מ,מוסך מורשה,המשביר 7,חולון,050-5311022,תיקון והחלפת צמיגים,קחלון רונן,181529.11,657944.05,07:00 - 16:00,07:00 - 13:00,3.0
ג.מ.פורטל סחר ויבוא בע מ,מוסך מורשה,המלאכה 9,חולון,03-6132446,תיקון והחלפת צמיגים,יגודייב שלום,181593.94,658503.64,07:00 - 17:00,סגור,3.3
נעם בני מוסך באג,מוסך מורשה,אלטלף  25,יהוד,050-4801900,מכונאות רכב בנזין,בני נעם,190608.48,659783.55,07:00 - 17:00,07:00 - 13:00,5.0
מוסך יזדי פחחות וצבע 2001 בע מ,מוסך מורשה,טוליפמן 4,ראשון לציון,03-9116556,מכונאות רכב בנזין,פאר ניסן,182346.34,654520.32,07:00 - 16:30,07:00 - 12:00,5.0
טיג איינגנירינג אנד מוטורספורט,מוסך מורשה,החורטים 6,חולון,03-6566608,מכונאות רכב בנזין,הלוי גבי,180721.63,659534.84,07:00 - 16:30,07:00 - 12:30,4.2
דרך הכביש פחחות וצבע לרכב בע מ,מוסך מורשה,הנפח 12,חולון,03-57033333,תיקון מרכבי רכב,עזרתי מרדכי,181048.39,658467.24,07:00 - 16:30,07:00 - 12:30,3.5
יוניון רכב תעשייתי בע מ,מוסך מורשה,בת שבע 1,לוד,08-96007773,אישור כשירות לצמ ה ומכונה ניידת,שטנד יוסף,189709.71,651153.67,07:00 - 17:00,07:00 - 12:00,3.6
יו. אס. אי. אי בע מ,מוסך מורשה,פינשטיין 3,פתח תקווה,03-5225484,תיקון והחלפת צמיגים,ברגיג רחמים,189262.94,667501.61,07:00 - 16:00,07:00 - 13:00,4.3
סער גנים שרותי רכב,מוסך מורשה,האורגים 7,חולון,073-7373336,תיקון מרכבי רכב,שמנטו שמעון,181120.95,657719.41,07:00 - 16:30,07:00 - 12:30,4.7
משה פרץ צמיגי פרץ ובניו,מוסך מורשה,גיסין 65,פתח תקווה,03-9227389,תיקון והחלפת צמיגים,פרץ משה,187426.15,667187.38,07:00 - 17:00,07:00 - 12:30,4.8
תמיר את ניצן מוסך טיימינג,מוסך מורשה,הנגר 4,חולון,03-5776842,מכונאות רכב בנזין,יעקב תמיר,180968.07,658783.29,07:00 - 16:30,07:00 - 12:00,3.3
סטייל ש.ח פחחות וצבע בע מ,מוסך מורשה,פלוטיצקי 26,ראשון לציון,03-7557171,אוטוטק רכב קל,קרקר חליל,182223.51,654074.38,07:00 - 17:00,07:00 - 12:30,4.3
מוסך עמרם שרותי רכב,מוסך מורשה,עמל 2,פתח תקווה,052-2491152,מכונאות רכב בנזין,מור עמי,186468.09,666864.58,07:00 - 17:00,סגור,3.6
צמיגי אור - לדני אור,מוסך מורשה,משה שרת 20,ראשון לציון,052-3470807,תיקון והחלפת צמיגים,לדני אור,176841.36,655724.7,07:00 - 16:30,סגור,4.5
סארב דעאס מוסך שני,מוסך מורשה,בן צבי 34,ראשון לציון,03-5367534,מכונאות רכב בנזין,ששון כהן ישראל,180523.28,655115.75,07:00 - 16:30,07:00 - 12:30,4.1
מ.נ בדיקת רכב בע מ,מוסך מורשה,פנקס 18,נתניה,050-9344555,בדיקות-רכב )קניה ומכירה),מסרי נדיר,188340.96,691812.43,07:00 - 17:00,07:00 - 13:00,3.6
נתן דזובולצקי - נתן את תובל,מוסך מורשה,החושלים 9,הרצלייה,09-9542272,חשמלאות רכב,עציון רונן,181857.82,673995.04,07:00 - 17:00,07:00 - 12:00,3.5
טיייר סנטר רשת צמיגים בע מ,מוסך מורשה,יצחק בן צבי 43,ראשון לציון,03-9601853,תיקון והחלפת צמיגים,עוזר עוז,180614.21,654818.95,07:00 - 16:00,07:00 - 12:30,3.8
מוסכי רפאלו - יהודה בוטביקה,מוסך מורשה,אורט 9,נתניה,050-3759855,תיקון מרכבי רכב,עבדאלקדר עימאד,188399.5,691532.93,07:00 - 16:30,סגור,3.3
אקסטרים מוטורס - אדיר בלולו,מוסך מורשה,ההגנה 30,ראשון לציון,054-9424788,תיקון טרקטורונים,גינת אריה,177758.08,655189.66,07:00 - 16:30,07:00 - 12:30,4.4
מוסך ספיר - רביבו רפאל,מוסך מורשה,היצול 1,אשקלון,08-6755576,מכונאות רכב בנזין,רביב כתריאל,161876.74,619462.89,07:00 - 17:00,07:00 - 12:00,5.0
אמייזינגלי שירותי רכב בע מ,מוסך מורשה,הכישור 21,אשקלון,08-6751020,תיקון מרכבי רכב,סיסוייב פבל,162023.59,619354.41,07:00 - 16:00,סגור,4.0
ארן אמויאל בע מ,מוסך מורשה,בית הדפוס 29,ירושלים,02-6556677,מכונאות רכב בנזין,אמויאל ארן,217450.48,632469.96,07:00 - 16:00,07:00 - 12:30,5.0
מוסך  מכלוף יהודה שירותי רכב,מוסך מורשה,היצול 13,אשקלון,08-6759161,מכונאות רכב בנזין,מנדלסון בועז,161719.06,619397.69,07:00 - 17:00,07:00 - 13:00,4.9
מוסך מועלם - מועלם יוסף,מוסך מורשה,הנפח  21,אשקלון,08-6712787,מכונאות רכב בנזין,מועלם יוסף,157599.41,616223.63,07:00 - 16:00,07:00 - 12:30,3.1
מוסך העמק מרכזי בע מ,מוסך מורשה,הגנן 11,באר שבע,08-6273317,מכונאות רכב בנזין,קרפנקו פבל,181968.85,569640.42,07:00 - 16:00,07:00 - 12:30,4.0
פחחות רכב דרום מירו )מאיר( בע מ,מוסך מורשה,סדנא 8,באר שבע,08-6900960,תיקון מרכבי רכב,כהן מאיר,183067.62,573494.26,07:00 - 16:30,07:00 - 13:00,3.9
מוסך האושר,מוסך מורשה,המכונאי 8,באר שבע,052-3333867,תיקון מרכבי רכב,לוי משה אושר,181896.08,570102.3,07:00 - 17:00,07:00 - 12:00,3.7
מוסך נ. גבי פחחות וצבע 1996 בע מ,מוסך מורשה,סדנא 6,באר שבע,08-6900885,תיקון מרכבי רכב,נגר גבי,183084.79,573513.88,07:00 - 17:00,סגור,4.6
אלקטרו גיר - בנימין אורן,מוסך מורשה,המנוף 21,באר שבע,08-6286006,תיקון תיבות הילוכים אוטומטיות,בנימין אורן,181758.01,570834.44,07:00 - 16:00,07:00 - 12:30,3.4
מוסך שקד - סרגיי את יבגני,מוסך מורשה,הפלדה 20,באר שבע,052-3222735,מכונאות רכב בנזין,טויזר חביב,182015.98,570466.67,07:00 - 16:30,07:00 - 12:30,3.7
מוסך מגן הנגב בע מ,מוסך מורשה,המכונאי  10,באר שבע,08-9135850,תיקון מרכבי רכב,שמואלוב יובל,181866.49,570124.04,07:00 - 16:30,07:00 - 13:00,4.9
א.ר מוסכים - אלטשולר אלכסיי,מוסך מורשה,הכישור 5,אשקלון,08-6716911,מכונאות רכב בנזין,אלטשולר אלכסיי,161881.85,619095.02,07:00 - 17:00,סגור,4.5
חשמל ומיזוג ג'קי בע מ,מוסך מורשה,הפועלים 12,באר שבע,052-8838447,מכונאות רכב בנזין,גרוסהויס שמחה,181959.17,570553.94,07:00 - 16:30,07:00 - 12:00,4.8
מוסך הדייקן - אבו אלקיען עלי,מוסך מורשה,המנוף 11,באר שבע,08-6285208,תיקון מרכבי רכב,אבו אלקיען עלי,181907.57,570798.68,07:00 - 16:00,07:00 - 12:00,4.7
אקסטרים מוטוספורט 1 בע מ,מוסך מורשה,טרומפלדור 24,באר שבע,08-6284332,מכונאות אופנועים וקטנועים,ללוש ירון,180007.86,571838.49,07:00 - 17:00,07:00 - 12:30,4.9
משה אברהמי שרותי חשמל לרכב בע מ,מוסך מורשה,הפועלים 16,באר שבע,08-6239874,חשמלאות רכב,אברהמי משה,181874.5,570571.14,07:00 - 17:00,סגור,4.3
מרכז הצמגים - תמיר כהן,מוסך מורשה,הנגרים  4,באר שבע,050-7526987,תיקון והחלפת צמיגים,כהן תמיר,181230.24,572327.97,07:00 - 17:00,07:00 - 13:00,4.7
מוסך מרכבת המשנה בע מ,מוסך מורשה,הרתך 9,באר שבע,08-6283123,מכונאות רכב בנזין,וקנין מיכאל,182310.35,570429.8,07:00 - 17:00,07:00 - 13:00,4.5
יומי חשמלאות רכב - עזרה אברהם,מוסך מורשה,דב ברייר 3,אשקלון,08-6736969,חשמלאות רכב,עזרה אברהם,159181.78,619941.71,07:00 - 17:00,07:00 - 12:00,4.1
י.ק. מוטוקלאס בע מ,מוסך מורשה,הפנינים 21,אשקלון,08-8669937,מכונאות אופנועים וקטנועים,בר לביא אילן,162144.45,619232.12,07:00 - 16:00,07:00 - 12:00,4.5
אוטוטרוניק  יניקייב מקסים,מוסך מורשה,הנפח 18,אשקלון,08-9109330,מכונאות רכב בנזין,חן מרדכי,157628.48,616169.74,07:00 - 16:30,07:00 - 13:00,4.2
מוסך רמות - פבליוקובסקי אלכסנדר,מוסך מורשה,שיפון 18,באר שבע,08-6209363,מכונאות רכב בנזין,פבליקובסקי אלכס,182415.56,570208.76,07:00 - 16:30,07:00 - 13:00,4.7
מוסך ההנדסאי -אבו סאלח חאתם,מוסך מורשה,הפלדה  15,באר שבע,050-6336661,אוטוטק רכב קל,אבו סאלח חאתם,182047.79,570310.62,07:00 - 16:30,07:00 - 12:00,4.3
ס.א.שירותי רכב בע מ,מוסך מורשה,הבדיל 10,באר שבע,08-6512979,מכונאות רכב בנזין,אלסייד סאלם,181822.89,570700.88,07:00 - 16:30,סגור,4.8
מוסך  מכלוף ישראל שירותי רכב,מוסך מורשה,הכישור 14,אשקלון,072-25071,מכונאות רכב בנזין,מכלוף יהודה,161970.36,619166.33,07:00 - 16:30,07:00 - 12:00,4.6
מדע מוסכי משאיות בע מ,מוסך מורשה,האורג 18,אשקלון,08-9431413,מכונאות רכב בנזין,שרים עבד אל כ,157913.95,616169.88,07:00 - 16:30,07:00 - 12:30,3.9
טופ גיר - חדד עופר,מוסך מורשה,שיפון 20,באר שבע,08-6270770,תיקון תיבות הילוכים אוטומטיות,חדד עופר,182400.03,570197.31,07:00 - 16:00,07:00 - 12:30,4.2
מוסך יוסף את יוסף,מוסך מורשה,שורק 36,באר שבע,052-3323420,תיקון מרכבי רכב,אבו עווד יוסף,182348.44,570229.06,07:00 - 16:00,07:00 - 12:00,3.2
איציק בן אלי - צמיגי דוידו,מוסך מורשה,התנופה 29,ירושלים,050-8744436,תיקון והחלפת צמיגים,בן אלי יצחק,220213.37,628666.03,07:00 - 16:30,07:00 - 12:30,4.4
מרכז שרות ברוש 2020 בע מ,מוסך מורשה,שורק 21,באר שבע,08-6272020,אוטוטק רכב קל,פלדמן אריאל,182282.32,570294.43,07:00 - 16:00,07:00 - 12:00,3.7
פחח השלום בע מ,מוסך מורשה,הבדיל 9,באר שבע,08-6272596,תיקון מרכבי רכב,סויסה מיכאל,181866.93,570704.53,07:00 - 16:00,07:00 - 12:30,3.3
אלירן מלול - אלירן מוטורס,מוסך מורשה,בית הדפוס 18,ירושלים,054-8087151,מכונאות אופנועים וקטנועים,דבריקו רחמים,217762.0,632618.0,07:00 - 17:00,07:00 - 12:00,3.5
תאמר עודה - צמיגי אדם,מוסך מורשה,יקותיאל אדם 2,ירושלים,050-2214830,תיקון והחלפת צמיגים,שרחה נאיף,222772.53,636345.28,07:00 - 16:30,07:00 - 12:30,3.7
מאיר מרכזי שירות שות' מוגבלת י-ם,מוסך מורשה,יד חרוצים 19,ירושלים,074-7440000,מכונאות רכב בנזין,יוסף מוסטפה,220590.0,628709.0,07:00 - 16:00,07:00 - 12:30,3.6
מ.ש מוסך איכות בע מ,מוסך מורשה,חרשי הברזל 4,ירושלים,02-6782791,מכונאות רכב בנזין,אבו סביח סאמר,219994.69,628448.38,07:00 - 17:00,סגור,3.8
מוסך קו העמק - אדמוב קסום,מוסך מורשה,שחף 23,באר שבע,054-6304324,מכונאות רכב בנזין,אדמוב קסום,182413.34,570015.8,07:00 - 16:30,סגור,3.1
שלום כהן שירותי רכב בע מ,מוסך מורשה,בית הדפוס 30,ירושלים,052-6410100,תיקון מרכבי רכב,שמואל כהן שלום,217418.0,632576.0,07:00 - 16:00,07:00 - 13:00,4.5
גליסקו דולב - דולב מוטורס,מוסך מורשה,פייר קניג 37,ירושלים,050-7262808,מכונאות אופנועים וקטנועים,בנית אורן,220416.0,628834.0,07:00 - 16:00,07:00 - 12:30,3.8
א.א מוסך הסרגל,מוסך מורשה,הדגן 1,באר שבע,08-9203371,מכונאות רכב בנזין,רחמני יוסף,181479.72,570875.21,07:00 - 16:00,סגור,4.3
ד.שוקרון כיווני פרונט 2014 בע מ,מוסך מורשה,האיטלקים 3,חיפה,04-8535871,תיקון וכוון מתלים ברכב,דוד שוקרון,199685.66,747246.74,07:00 - 16:00,07:00 - 13:00,3.2
עאמר מחמוד מוסך צק פוסט,מוסך מורשה,המוסכים 27,חיפה,04-8490939,מכונאות רכב בנזין,עאמר מחמוד,204068.28,744255.82,07:00 - 17:00,07:00 - 12:00,4.8
ברהם אחמד - פנצריה,מוסך מורשה,שד ההסתדרות 178,חיפה,04-8726878,תיקון והחלפת צמיגים,ברהם אחמד,206091.02,745797.02,07:00 - 16:30,סגור,4.2
סיבירצב אלכסנדר מוסך אוריון,מוסך מורשה,האיצטדיון 21,חיפה,04-8490218,מכונאות רכב בנזין,סיבירצב אלכס,205700.76,747576.34,07:00 - 17:00,07:00 - 12:00,3.1
מוסך עמיאל ב.ר. בע מ,מוסך מורשה,ההסתדרות 211,חיפה,04-8421499,מכונאות רכב בנזין,וייצמן דוד,206018.26,745867.13,07:00 - 17:00,07:00 - 13:00,3.2
ב.ח.שיווק ושרות רכבים בע מ,מוסך מורשה,בעלי המלאכה 24,חיפה,04-8405888,מכונאות רכב בנזין,צוק ליאור,203912.1,743572.89,07:00 - 17:00,07:00 - 12:00,3.9
הוליווד ר. מ. וצמיגי פרויד בע מ,מוסך מורשה,קדושי יאסי 1,חיפה,04-8550505,תיקון והחלפת צמיגים,רבי שי,196938.13,744019.68,07:00 - 16:00,07:00 - 13:00,3.7
רכב מיטל בע מ לפחחות וצבע לרכב,מוסך מורשה,יוסף לוי 8,חיפה,04-8724453,תיקון מרכבי רכב,אנקורי יוסף,206812.67,746525.95,07:00 - 17:00,סגור,4.3
לגזיאל מרדכי-מ.לגזיאל שירותי רכב,מוסך מורשה,חורי 7,חיפה,077-5175600,מכונאות רכב בנזין,לגזיאל מרדכי,200002.8,746813.1,07:00 - 17:00,07:00 - 12:30,3.7
בלומנפלד מאיר מחוונים וטכוגרפים,מוסך מורשה,העמלים 3,חיפה,04-8419717,תחזוקה ובדיקת מערכת כיבוי אש באוטו',בלומנפלד מתן,206025.8,746623.06,07:00 - 16:30,סגור,4.0
מוסך שרון א.ח שירותי רכב,מוסך מורשה,ההסתדרות 232,חיפה,04-8408823,מכונאות רכב בנזין,רבאח ח'אלד,206770.6,746038.33,07:00 - 16:30,07:00 - 12:00,3.8
י.ל.מגה מוסך בע מ,מוסך מורשה,קיטור 3,חיפה,04-6779489,תיקון מרכבי רכב,אשקר יוסף,205959.65,746574.11,07:00 - 17:00,07:00 - 12:00,4.2
פחחות וצבע הכוכב נחלה בע מ,מוסך מורשה,מקלף 30,חיפה,04-8414699,תיקון מרכבי רכב,נחלי עפיף,203291.91,743584.54,07:00 - 16:30,סגור,4.8
עופר חברה לרכב בע מ,מוסך מורשה,ההסתדרות 25,חיפה,04-8428183,תיקון והחלפת צמיגים,יצחק יגאל,203376.58,744001.26,07:00 - 16:00,07:00 - 13:00,3.5
ג'מאמעה נאג'י בע מ,מוסך מורשה,יוליוס סימון 46,חיפה,04-8401407,תיקון והחלפת צמיגים,ג'מאמעה נאג'י,204632.83,746971.28,07:00 - 16:30,07:00 - 13:00,3.7
מוסך ח'ורי בסאם,מוסך מורשה,שדרות ההסתדרות 146,חיפה,053-7817887,אוטוטק מרכבי רכב וצביעתם,ח'ורי בסאם,205712.33,745707.89,07:00 - 16:00,סגור,3.9
אלכס זאיד - אנרגי שרותי רכב,מוסך מורשה,קצנשטיין 3,חיפה,053-4990299,מכונאות רכב בנזין,כעביה יוסף,204589.17,747045.37,07:00 - 16:00,07:00 - 13:00,3.9
חברת המזרח לשיווקמכוניות(1994)בע,מוסך מורשה,בעלי המלאכה 17,חיפה,04-6767637,מכונאות רכב בנזין,בוקסבאום מיכאל,203953.25,743599.55,07:00 - 16:00,07:00 - 12:30,4.1
משה את חנן שירותי רכב בע מ,מוסך מורשה,השיש 53,חיפה,04-8721176,מכונאות רכב בנזין,שחאדה חנא,205840.62,745899.73,07:00 - 16:30,07:00 - 12:00,5.0
מוסך החרושת לפחחות וצבע בע מ,מוסך מורשה,הסתדרות 23,חיפה,04-7709926,תיקון מרכבי רכב,חוריה אכרם,203312.45,744002.91,07:00 - 16:00,07:00 - 12:00,3.1
חאלד שייח סולימאן מיתל קאר,מוסך מורשה,המוסכים 11,חיפה,054-6836600,תיקון מרכבי רכב,טנוס בסאם,203960.68,744189.44,07:00 - 17:00,סגור,3.7
סואעד כמאל מוסך כמאל,מוסך מורשה,הסתדרות 236,חיפה,04-8228552,מכונאות רכב בנזין,זפרן דוד,206763.04,746099.7,07:00 - 17:00,07:00 - 12:30,3.7
מ.דרעי רדיאטורים אגזוזים2015בע מ,מוסך מורשה,השיש 35,חיפה,04-8420620,תיקון רדיאטורים )מצננים),לוי שבתאי,206023.53,745963.44,07:00 - 17:00,07:00 - 12:30,4.7
מוסך מירון ה.ר.נ בע מ,מוסך מורשה,השיש 21,חיפה,04-9001149,מכונאות רכב בנזין,וייצמן שגיב,206358.23,746106.32,07:00 - 16:30,07:00 - 12:00,4.3
ד ר פח וצבע חיפה בע מ,מוסך מורשה,החרמש 52,חיפה,04-8109111,תיקון מרכבי רכב,לוסיא ראשד,204366.78,744125.12,07:00 - 17:00,07:00 - 13:00,3.3
סמרי זאיד - מוסך סמרי ובניו,מוסך מורשה,השיש 47,חיפה,00-5844802,תיקון מרכבי רכב,סמרי זאיד,205900.87,745941.21,07:00 - 16:00,07:00 - 12:30,4.6
שומלי נזאר - בית מלאכה לדיזל נ.ש,מוסך מורשה,אדיסון 19,חיפה,052-8983483,תיקון משאבות ומתזים לדיזל,שומלי גריס,205007.9,745177.89,07:00 - 17:00,07:00 - 12:00,3.6
אמיר מונדיה - צמיגי רם,מוסך מורשה,בר יהודה 33,חיפה,04-6552350,תיקון והחלפת צמיגים,סיף בלאל,201683.14,745147.78,07:00 - 16:30,07:00 - 13:00,4.1
מטר סלים מוסך אופן,מוסך מורשה,ניוטון 4,חיפה,04-8664885,מכונאות אופנועים וקטנועים,שחר אהוד,205226.4,745379.57,07:00 - 17:00,07:00 - 12:30,3.8
סאלח מוטורוס בע מ,מוסך מורשה,האשלג 11,חיפה,04-9041010,מכונאות רכב בנזין,נעראני מוחמד,203977.56,744098.98,07:00 - 16:30,07:00 - 12:00,4.9
שפרבר החברה לפיננסים והשקעות בעמ,מוסך מורשה,הסתדרות 218,חיפה,052-8509903,מכונאות רכב בנזין,איצקוביץ מרדכי,206579.34,745967.22,07:00 - 16:00,07:00 - 12:30,4.4
בים חאתם - מוסך הבודק,מוסך מורשה,יפו 104,חיפה,052-8574254,צבעות רכב,בים חאתם,199488.37,747740.37,07:00 - 17:00,07:00 - 13:00,4.7
שלישיית האחים גלמאנה בע מ,מוסך מורשה,הסתדרות 210,חיפה,052-9406578,תיקון מרכבי רכב,ארמלי פארג,206486.26,745925.81,07:00 - 16:00,07:00 - 12:00,4.7
עאמר בחוס - מוסך עאמר,מוסך מורשה,קצנשטיין 28,חיפה,054-8324353,תיקון מרכבי רכב,בחוס ג'אקי,204446.32,747284.45,07:00 - 17:00,07:00 - 12:30,4.8
מוסך נאג'י 2004 בע מ,מוסך מורשה,המוסכים 22,חיפה,052-2844485,מכונאות רכב בנזין,מאהלי עיסא,204186.83,744274.11,07:00 - 17:00,07:00 - 13:00,3.2
און ) י.ק.ל ( פחחות וצבע בע מ,מוסך מורשה,השיש 22,חיפה,04-8420346,תיקון מרכבי רכב,גולדשטיין ליאור,206297.78,746105.3,07:00 - 17:00,סגור,3.7
